mu1,mu2,model_label,model_file,n_tot,n_p,n_s,nt,rel_frob_percent,mean_coeff_rel_percent,median_coeff_rel_percent,p95_coeff_rel_percent,max_coeff_rel_percent,linear_qN_path
4.56,0.019,ANN (n_s=131),/home/kratos/burgers2d-rom-workbench/Project_YvonMaday/Results_Maday/maday_clean_try06_ann_big/Stage3/models/case2_ann_mu_t_ns131.pt,151,20,131,501,108.13470042774465,160.14382884158027,159.8356589596884,256.243268702704,358.35168077661984,/home/kratos/burgers2d-rom-workbench/Project_YvonMaday/250x250/Results/Runs/Linear/linear_prom_mu1_4.560_mu2_0.0190_ntot151/qN.npy
4.56,0.019,ANN (n_s=141),/home/kratos/burgers2d-rom-workbench/Project_YvonMaday/Results_Maday/maday_clean_try06_ann_big/Stage3/models/case2_ann_mu_t_ns141.pt,151,10,141,501,10.362064853920687,32.36074465798529,27.16601297338123,68.0481999746007,82.34789995554303,/home/kratos/burgers2d-rom-workbench/Project_YvonMaday/250x250/Results/Runs/Linear/linear_prom_mu1_4.560_mu2_0.0190_ntot151/qN.npy
4.56,0.019,ANN (n_s=151),/home/kratos/burgers2d-rom-workbench/Project_YvonMaday/Results_Maday/maday_clean_try06_ann_big/Stage3/models/rom_data_driven_ann_mu_t_ntot151.pt,151,0,151,501,3.7194789100418766,52.90203256404469,51.60057678339187,110.48682385441032,149.9255340948027,/home/kratos/burgers2d-rom-workbench/Project_YvonMaday/250x250/Results/Runs/Linear/linear_prom_mu1_4.560_mu2_0.0190_ntot151/qN.npy
4.875,0.0225,ANN (n_s=131),/home/kratos/burgers2d-rom-workbench/Project_YvonMaday/Results_Maday/maday_clean_try06_ann_big/Stage3/models/case2_ann_mu_t_ns131.pt,151,20,131,501,7.656010203258967,21.40244391282525,14.58080988014119,59.1178375288083,72.55532900919724,/home/kratos/burgers2d-rom-workbench/Project_YvonMaday/250x250/Results/Runs/Linear/linear_prom_mu1_4.875_mu2_0.0225_ntot151/qN.npy
4.875,0.0225,ANN (n_s=141),/home/kratos/burgers2d-rom-workbench/Project_YvonMaday/Results_Maday/maday_clean_try06_ann_big/Stage3/models/case2_ann_mu_t_ns141.pt,151,10,141,501,4.469767469629125,21.587464395556804,13.668677915305892,61.90989698206,73.97991682414936,/home/kratos/burgers2d-rom-workbench/Project_YvonMaday/250x250/Results/Runs/Linear/linear_prom_mu1_4.875_mu2_0.0225_ntot151/qN.npy
4.875,0.0225,ANN (n_s=151),/home/kratos/burgers2d-rom-workbench/Project_YvonMaday/Results_Maday/maday_clean_try06_ann_big/Stage3/models/rom_data_driven_ann_mu_t_ntot151.pt,151,0,151,501,1.3463558269317009,29.587391663628583,17.207571842800757,81.32412745307988,88.8204265641464,/home/kratos/burgers2d-rom-workbench/Project_YvonMaday/250x250/Results/Runs/Linear/linear_prom_mu1_4.875_mu2_0.0225_ntot151/qN.npy
5.19,0.026,ANN (n_s=131),/home/kratos/burgers2d-rom-workbench/Project_YvonMaday/Results_Maday/maday_clean_try06_ann_big/Stage3/models/case2_ann_mu_t_ns131.pt,151,20,131,501,74.60386474807689,126.42943357457422,125.56460798422049,198.057076990523,223.71038000083155,/home/kratos/burgers2d-rom-workbench/Project_YvonMaday/250x250/Results/Runs/Linear/linear_prom_mu1_5.190_mu2_0.0260_ntot151/qN.npy
5.19,0.026,ANN (n_s=141),/home/kratos/burgers2d-rom-workbench/Project_YvonMaday/Results_Maday/maday_clean_try06_ann_big/Stage3/models/case2_ann_mu_t_ns141.pt,151,10,141,501,11.251685873715454,38.76222789390833,33.875742750778414,75.74182146990317,84.55351680925317,/home/kratos/burgers2d-rom-workbench/Project_YvonMaday/250x250/Results/Runs/Linear/linear_prom_mu1_5.190_mu2_0.0260_ntot151/qN.npy
5.19,0.026,ANN (n_s=151),/home/kratos/burgers2d-rom-workbench/Project_YvonMaday/Results_Maday/maday_clean_try06_ann_big/Stage3/models/rom_data_driven_ann_mu_t_ntot151.pt,151,0,151,501,5.005839903105546,59.90559195708768,65.90782457961036,113.24743099090003,158.4685377208855,/home/kratos/burgers2d-rom-workbench/Project_YvonMaday/250x250/Results/Runs/Linear/linear_prom_mu1_5.190_mu2_0.0260_ntot151/qN.npy
