mu1,mu2,model_label,n_tot,n_p,n_s,nt,rel_error_percent_vs_hdm_state,rel_error_percent_vs_linear_state,model_file,linear_qN_path,hdm_path
4.56,0.019,ANN (n_s=131),151,20,131,501,5.561377236706261,5.507889592336207,/home/kratos/burgers2d-rom-workbench/Project_YvonMaday/Results_Maday/maday_clean_try06_ann_big/Stage3/models/case2_ann_mu_t_ns131.pt,/home/kratos/burgers2d-rom-workbench/Project_YvonMaday/250x250/Results/Runs/Linear/linear_prom_mu1_4.560_mu2_0.0190_ntot151/qN.npy,/home/kratos/burgers2d-rom-workbench/Project_YvonMaday/250x250/param_snaps/mu1_4.56+mu2_0.019.npy
4.56,0.019,ANN (n_s=141),151,10,141,501,1.049226117531375,0.9630916926347834,/home/kratos/burgers2d-rom-workbench/Project_YvonMaday/Results_Maday/maday_clean_try06_ann_big/Stage3/models/case2_ann_mu_t_ns141.pt,/home/kratos/burgers2d-rom-workbench/Project_YvonMaday/250x250/Results/Runs/Linear/linear_prom_mu1_4.560_mu2_0.0190_ntot151/qN.npy,/home/kratos/burgers2d-rom-workbench/Project_YvonMaday/250x250/param_snaps/mu1_4.56+mu2_0.019.npy
4.56,0.019,ANN (n_s=151),151,0,151,501,1.650974902282936,1.6156525307598142,/home/kratos/burgers2d-rom-workbench/Project_YvonMaday/Results_Maday/maday_clean_try06_ann_big/Stage3/models/rom_data_driven_ann_mu_t_ntot151.pt,/home/kratos/burgers2d-rom-workbench/Project_YvonMaday/250x250/Results/Runs/Linear/linear_prom_mu1_4.560_mu2_0.0190_ntot151/qN.npy,/home/kratos/burgers2d-rom-workbench/Project_YvonMaday/250x250/param_snaps/mu1_4.56+mu2_0.019.npy
4.875,0.0225,ANN (n_s=131),151,20,131,501,0.5177182199963493,0.3716634843485527,/home/kratos/burgers2d-rom-workbench/Project_YvonMaday/Results_Maday/maday_clean_try06_ann_big/Stage3/models/case2_ann_mu_t_ns131.pt,/home/kratos/burgers2d-rom-workbench/Project_YvonMaday/250x250/Results/Runs/Linear/linear_prom_mu1_4.875_mu2_0.0225_ntot151/qN.npy,/home/kratos/burgers2d-rom-workbench/Project_YvonMaday/250x250/param_snaps/mu1_4.875+mu2_0.0225.npy
4.875,0.0225,ANN (n_s=141),151,10,141,501,0.5337078533214835,0.4025841053260658,/home/kratos/burgers2d-rom-workbench/Project_YvonMaday/Results_Maday/maday_clean_try06_ann_big/Stage3/models/case2_ann_mu_t_ns141.pt,/home/kratos/burgers2d-rom-workbench/Project_YvonMaday/250x250/Results/Runs/Linear/linear_prom_mu1_4.875_mu2_0.0225_ntot151/qN.npy,/home/kratos/burgers2d-rom-workbench/Project_YvonMaday/250x250/param_snaps/mu1_4.875+mu2_0.0225.npy
4.875,0.0225,ANN (n_s=151),151,0,151,501,0.6585150090864192,0.5782274139906751,/home/kratos/burgers2d-rom-workbench/Project_YvonMaday/Results_Maday/maday_clean_try06_ann_big/Stage3/models/rom_data_driven_ann_mu_t_ntot151.pt,/home/kratos/burgers2d-rom-workbench/Project_YvonMaday/250x250/Results/Runs/Linear/linear_prom_mu1_4.875_mu2_0.0225_ntot151/qN.npy,/home/kratos/burgers2d-rom-workbench/Project_YvonMaday/250x250/param_snaps/mu1_4.875+mu2_0.0225.npy
5.19,0.026,ANN (n_s=131),151,20,131,501,3.6968490106907623,3.67201911394134,/home/kratos/burgers2d-rom-workbench/Project_YvonMaday/Results_Maday/maday_clean_try06_ann_big/Stage3/models/case2_ann_mu_t_ns131.pt,/home/kratos/burgers2d-rom-workbench/Project_YvonMaday/250x250/Results/Runs/Linear/linear_prom_mu1_5.190_mu2_0.0260_ntot151/qN.npy,/home/kratos/burgers2d-rom-workbench/Project_YvonMaday/250x250/param_snaps/mu1_5.19+mu2_0.026.npy
5.19,0.026,ANN (n_s=141),151,10,141,501,1.0797216316158689,1.0066564785795757,/home/kratos/burgers2d-rom-workbench/Project_YvonMaday/Results_Maday/maday_clean_try06_ann_big/Stage3/models/case2_ann_mu_t_ns141.pt,/home/kratos/burgers2d-rom-workbench/Project_YvonMaday/250x250/Results/Runs/Linear/linear_prom_mu1_5.190_mu2_0.0260_ntot151/qN.npy,/home/kratos/burgers2d-rom-workbench/Project_YvonMaday/250x250/param_snaps/mu1_5.19+mu2_0.026.npy
5.19,0.026,ANN (n_s=151),151,0,151,501,2.2333452366141353,2.1992185932108996,/home/kratos/burgers2d-rom-workbench/Project_YvonMaday/Results_Maday/maday_clean_try06_ann_big/Stage3/models/rom_data_driven_ann_mu_t_ntot151.pt,/home/kratos/burgers2d-rom-workbench/Project_YvonMaday/250x250/Results/Runs/Linear/linear_prom_mu1_5.190_mu2_0.0260_ntot151/qN.npy,/home/kratos/burgers2d-rom-workbench/Project_YvonMaday/250x250/param_snaps/mu1_5.19+mu2_0.026.npy
