point,mu1,mu2,n_primary,n_tot,requested_secondary_error_percent,actual_secondary_error_percent,ann_secondary_error_percent,state_error_percent_vs_hdm,state_error_percent_vs_linear_prom,primary_q_error_percent_vs_linear_prom,total_q_error_percent_vs_linear_prom,n_time_used,online_solve_elapsed_s,num_iterations,jac_time_s,res_time_s,ls_time_s
extrapolation20pct,4.0,0.033,10,151,0.0,0.0,21.425496354735657,0.8498909886844643,0.00011269811302705478,0.000269245454665844,0.00026456348677354047,501,66.15183281898499,1500,27.514005422592163,3.77016282081604,27.075831651687622
extrapolation20pct,4.0,0.033,10,151,100.0,99.99999999999997,21.425496354735657,9.784586528771404,9.821900779648725,13.912309658726723,23.057318771466722,501,67.20723390579224,1494,26.614535570144653,3.5700106620788574,26.386812210083008
extrapolation20pct,4.0,0.033,10,151,10.0,10.0,21.425496354735657,1.1677118524765884,0.8833349966546109,0.939639893085919,2.073665480520794,501,74.90672898292542,1500,29.10777521133423,3.717643976211548,28.520319938659668
extrapolation20pct,4.0,0.033,10,151,15.0,15.0,21.425496354735657,1.5033920271844936,1.3212638706318132,1.3892833406075082,3.1017216453157057,501,65.1245105266571,1500,26.763225555419922,3.660513401031494,26.327643632888794
extrapolation20pct,4.0,0.033,10,151,1.0,0.9999999999999999,21.425496354735657,0.8463198716039437,0.08907087559298099,0.09785642924270543,0.20909756857414175,501,70.62889981269836,1500,28.125683069229126,3.7713608741760254,28.007397890090942
extrapolation20pct,4.0,0.033,10,151,20.0,20.0,21.425496354735657,1.8816978020148474,1.7591898984329162,1.8387925817608841,4.1297711285943715,501,65.76874017715454,1500,26.46983242034912,3.55761456489563,25.76515483856201
extrapolation20pct,4.0,0.033,10,151,21.425496354736,21.425496354735998,21.425496354735657,1.9942886711506524,1.8843008773107919,1.9683502648762867,4.423474331926939,501,65.67132139205933,1500,26.570250034332275,3.6125221252441406,26.07538652420044
extrapolation20pct,4.0,0.033,10,151,30.0,29.999999999999993,21.425496354735657,2.7003849340058634,2.6423471352980115,2.777586162045635,6.2030193106488625,501,68.69739031791687,1500,27.166717290878296,3.656707525253296,26.845035314559937
extrapolation20pct,4.0,0.033,10,151,3.0,2.9999999999999987,21.425496354735657,0.8668940106997227,0.2666571673214555,0.29067221912632873,0.6259887416463021,501,71.48673462867737,1500,28.291664600372314,3.7351529598236084,28.401562690734863
extrapolation20pct,4.0,0.033,10,151,50.0,49.999999999999986,21.425496354735657,4.487184318024994,4.483000114142586,5.0440254236019895,10.52402839361649,501,69.60344219207764,1499,27.245816469192505,3.6690125465393066,27.222752571105957
extrapolation20pct,4.0,0.033,10,151,5.0,5.0,21.425496354735657,0.9215570416748793,0.44352619836571683,0.4797100853581915,1.0411961155629657,501,72.3478000164032,1500,28.438220262527466,3.72924542427063,28.496245622634888
extrapolation20pct,4.0,0.033,10,151,75.0,74.99999999999997,21.425496354735657,6.988731648256706,7.011720838687273,8.931057860795631,16.46030500014177,501,69.35890603065491,1497,27.184587478637695,3.6410977840423584,27.055357694625854
offgrid1,4.56,0.019,10,151,0.0,0.0,14.522856759920916,0.4498168376542458,0.00023702155595464408,0.0005585969572221893,0.0005456598258686484,501,74.56354117393494,1500,29.2391939163208,3.7560982704162598,29.89244556427002
offgrid1,4.56,0.019,10,151,100.0,99.99999999999997,14.522856759920916,11.666405222828914,11.69567346287906,16.73164185025596,26.92522677723122,501,74.85501766204834,1479,29.078445434570312,3.7177751064300537,28.74962329864502
offgrid1,4.56,0.019,10,151,10.0,10.000000000000002,14.522856759920916,1.064169578650059,1.0083720386176553,0.9217080199961916,2.3214264575505545,501,73.62380886077881,1500,29.21538805961609,3.7572875022888184,28.446892261505127
offgrid1,4.56,0.019,10,151,14.522856759921,14.522856759921002,14.522856759920916,1.4875532835372114,1.4616821443469181,1.3217089585690238,3.3650155621805755,501,73.36840867996216,1500,28.650384426116943,3.769679546356201,28.564948558807373
offgrid1,4.56,0.019,10,151,15.0,15.0,14.522856759920916,1.5331620543503401,1.5094516550524606,1.3635751833045133,3.4749882724196572,501,75.20946669578552,1500,29.77977156639099,3.7977983951568604,29.168133020401
offgrid1,4.56,0.019,10,151,1.0,1.0,14.522856759920916,0.4515915819844939,0.10130267665856887,0.09496343902296735,0.23321423523233833,501,74.86333179473877,1500,29.403948307037354,3.8106443881988525,29.196160316467285
offgrid1,4.56,0.019,10,151,20.0,20.000000000000004,14.522856759920916,2.0169490964806234,2.009883730719307,1.8013198373904165,4.627059349531743,501,75.13902878761292,1500,29.31036067008972,3.8826568126678467,29.3259117603302
offgrid1,4.56,0.019,10,151,30.0,30.0,14.522856759920916,3.004848037560227,3.01476594986531,2.7016100898048503,6.940451709603082,501,70.88786125183105,1500,27.872310400009155,3.611668586730957,27.64391565322876
offgrid1,4.56,0.019,10,151,3.0,2.9999999999999996,14.522856759920916,0.5182162409462687,0.3036456302505204,0.2833320167491271,0.6990386214491656,501,75.56328392028809,1500,29.27353858947754,3.8003787994384766,29.47320580482483
offgrid1,4.56,0.019,10,151,50.0,49.99999999999999,14.522856759920916,5.076068021547643,5.099621188083065,4.948958678674545,11.740106920983532,501,78.00290560722351,1500,29.828115463256836,3.8532755374908447,29.57595944404602
offgrid1,4.56,0.019,10,151,5.0,5.0,14.522856759920916,0.6438573223266819,0.5055044400884281,0.46880715761005365,1.1637484347932285,501,72.46061444282532,1500,28.281039476394653,3.73437237739563,28.20350217819214
offgrid1,4.56,0.019,10,151,75.0,74.99999999999997,14.522856759920916,8.040784786949214,8.069824378855364,9.58180659226427,18.577968352377617,501,72.7277467250824,1499,28.97249746322632,3.7681171894073486,28.50869584083557
offgrid2,5.19,0.026,10,151,0.0,0.0,16.425216130723648,0.46321790470568575,0.00044594755174719316,0.0010367874050995248,0.001015061465976889,501,71.89747285842896,1500,28.681117296218872,3.7381041049957275,27.927058458328247
offgrid2,5.19,0.026,10,151,100.0,99.99999999999999,16.425216130723648,11.420855863962629,11.468141559477472,16.680233096039128,26.103671917887628,501,62.34760522842407,1451,25.970250844955444,3.5361745357513428,25.478888511657715
offgrid2,5.19,0.026,10,151,10.0,10.0,16.425216130723648,0.9832991182430768,0.9156670507019391,0.4532601612529099,2.0842324062341144,501,74.4205391407013,1500,29.33588171005249,3.768352746963501,28.921666145324707
offgrid2,5.19,0.026,10,151,15.0,15.0,16.425216130723648,1.3960303315454594,1.3667789230995997,0.6022385063794328,3.1110488484850367,501,75.91067743301392,1500,29.262829542160034,3.833489418029785,29.215964794158936
offgrid2,5.19,0.026,10,151,16.425216130724,16.425216130724,16.425216130723648,1.5176569491497802,1.4955253264793829,0.6456137280142745,3.404100155621756,501,75.65082550048828,1500,29.646658897399902,3.82161545753479,29.33531665802002
offgrid2,5.19,0.026,10,151,1.0,1.0,16.425216130723648,0.46385429438981,0.09308644924377897,0.059760231778042766,0.211882467482501,501,70.6419517993927,1500,28.157851457595825,3.7418665885925293,27.82218289375305
offgrid2,5.19,0.026,10,151,20.0,20.0,16.425216130723648,1.8282264639078756,1.8199580032702853,0.772826490685819,4.142570648898241,501,75.49718236923218,1500,29.465410470962524,3.8530056476593018,29.991626262664795
offgrid2,5.19,0.026,10,151,30.0,30.0,16.425216130723648,2.7373941316260293,2.7519813747522437,1.4131633493675115,6.264033152895888,501,67.08734321594238,1499,27.911893844604492,3.6724376678466797,27.37970280647278
offgrid2,5.19,0.026,10,151,3.0,2.9999999999999996,16.425216130723648,0.5170518345161192,0.2781236715481149,0.16946987824676535,0.6330623874005561,501,70.63988041877747,1500,27.899376153945923,3.732023000717163,27.720859050750732
offgrid2,5.19,0.026,10,151,50.0,49.99999999999999,16.425216130723648,4.791058937616309,4.825699215320163,4.2083015669820725,10.984209467402575,501,72.40188336372375,1498,29.197122812271118,3.934011459350586,29.100239753723145
offgrid2,5.19,0.026,10,151,5.0,5.0,16.425216130723648,0.6213803384607719,0.4616361811132017,0.26506618674142185,1.0507717710588365,501,71.6571626663208,1500,28.17945671081543,3.729556083679199,28.138482332229614
offgrid2,5.19,0.026,10,151,75.0,75.0,16.425216130723648,7.886577529908369,7.930541450252808,9.827761842972036,18.051421067219593,501,63.738322257995605,1467,26.350480556488037,3.659780263900757,26.28978395462036
verification,4.875,0.0225,10,151,0.0,0.0,10.918374531770962,0.41037282495625055,0.00033336580555575477,0.000793869249845289,0.0007762153504832241,501,78.84344935417175,1500,29.962966203689575,3.7897002696990967,30.237785577774048
verification,4.875,0.0225,10,151,100.0,99.99999999999999,10.918374531770962,12.410466738493833,12.456060730930226,20.489598953899137,29.00293126879257,501,71.82998180389404,1442,26.823370933532715,3.585594415664673,27.54562544822693
verification,4.875,0.0225,10,151,10.0,10.000000000000002,10.918374531770962,1.0586576091051967,1.0186413933360596,1.1330981210707625,2.371824203225963,501,74.20816898345947,1500,28.93327236175537,3.812028408050537,29.474202871322632
verification,4.875,0.0225,10,151,10.918374531771,10.918374531770999,10.918374531770962,1.1413889731759697,1.108141637538037,1.2163788032299523,2.5802182924330306,501,74.48360967636108,1500,28.628172397613525,3.8142476081848145,29.032490491867065
verification,4.875,0.0225,10,151,15.0,15.0,10.918374531770962,1.5107225297052174,1.4985547582631578,1.5440452786042613,3.4892637082689117,501,75.33300161361694,1500,28.603796005249023,3.745204210281372,29.261232614517212
verification,4.875,0.0225,10,151,1.0,1.0,10.918374531770962,0.4140371226929294,0.10550723791363122,0.130856300183014,0.24566508109347213,501,73.52167844772339,1500,28.134243488311768,3.649163246154785,28.990781784057617
verification,4.875,0.0225,10,151,20.0,20.000000000000004,10.918374531770962,1.9595393564084025,1.9628032874168102,1.8563757243956864,4.57022890854663,501,84.83020877838135,1500,31.77950406074524,4.0032799243927,31.728776931762695
verification,4.875,0.0225,10,151,30.0,30.0,10.918374531770962,2.8455527932860445,2.8667469911457086,2.280630347054292,6.674988806273081,501,93.32191848754883,1499,33.35737705230713,4.0532448291778564,37.384658336639404
verification,4.875,0.0225,10,151,3.0,2.999999999999999,10.918374531770962,0.49252865638272236,0.3142811790720159,0.38222425950798194,0.7317783392839995,501,82.37870597839355,1500,30.95354127883911,3.9040141105651855,32.34665250778198
verification,4.875,0.0225,10,151,50.0,49.99999999999999,10.918374531770962,4.7722766591541035,4.811513394386758,4.03426412953529,11.20322028695281,501,79.29652190208435,1497,29.959945678710938,3.904524326324463,30.768532276153564
verification,4.875,0.0225,10,151,5.0,5.000000000000001,10.918374531770962,0.6300865220582385,0.5196587171911983,0.6174975301477496,1.2099833473435286,501,77.99255776405334,1500,29.513006448745728,3.827979803085327,30.37599778175354
verification,4.875,0.0225,10,151,75.0,74.99999999999999,10.918374531770962,8.075903152161148,8.122164942802796,10.739434551050424,18.91180499826556,501,74.12452054023743,1481,28.232584953308105,3.730088472366333,28.327417850494385
