tag,zeta_qua,alpha_ridge,min_n_qm,max_n_qm,avg_n_qm,err_4.56_0.019,err_4.75_0.020,err_5.19_0.026,max_err_percent,status,note
z0.8_a1e04,0.8,10000.0,17,22,19.666666666666668,1.668806750599416,1.5066887221661174,1.165943373021982,1.668806750599416,ok,q_norm=off
z0.8_a1e05,0.8,100000.0,17,22,19.666666666666668,1.6590586813768964,1.405672470434268,0.9619493849438132,1.6590586813768964,ok,q_norm=off
z0.8_a1e06,0.8,1000000.0,17,22,19.666666666666668,1.7228861079350053,1.327506499782346,0.7713150981287432,1.7228861079350053,ok,q_norm=off
z1_a1e04,1.0,10000.0,19,25,22.0,1.3617600628985662,1.2178530208204332,0.9458613768353901,1.3617600628985662,ok,q_norm=off
z1_a1e05,1.0,100000.0,19,25,22.0,1.2878552918807835,1.0402226126880476,0.7395560689446394,1.2878552918807835,ok,q_norm=off
z1_a1e06,1.0,1000000.0,19,25,22.0,1.2999762239346702,1.04084912248706,0.7136561119041123,1.2999762239346702,ok,q_norm=off
z1.2_a1e04,1.2,10000.0,21,27,24.0,1.1739361145052642,1.0565757882059725,0.8809368992508526,1.1739361145052642,ok,q_norm=off
z1.2_a1e05,1.2,100000.0,21,27,24.0,1.1029138622303214,0.9000778529106204,0.6294248783612271,1.1029138622303214,ok,q_norm=off
z1.2_a1e06,1.2,1000000.0,21,27,24.0,1.0248404899906722,0.9406013831259835,0.6977346360135024,1.0248404899906722,ok,q_norm=off
