level,method,point,state_error_percent,coefficient_error_percent,q_source
baseline,linear,verification,0.4103876436595169,0.0,euclidean_hprom_main/Runs/Linear/linear_hprom_mu1_4.875_mu2_0.0225_ntot151/qN.npy
baseline,linear,offgrid1,0.449823818711427,0.0,euclidean_hprom_main/Runs/Linear/linear_hprom_mu1_4.560_mu2_0.0190_ntot151/qN.npy
baseline,linear,offgrid2,0.4632381358945413,0.0,euclidean_hprom_main/Runs/Linear/linear_hprom_mu1_5.190_mu2_0.0260_ntot151/qN.npy
baseline,linear,extrapolation20pct,0.849888467909238,0.0,euclidean_hprom_main/Runs/Linear/linear_hprom_mu1_4.000_mu2_0.0330_ntot151/qN.npy
baseline,case1,verification,0.41383004887915464,0.2839041363916962,euclidean_hprom_main/Runs/HPROM_ANN_C1/case1_hprom_ann_mu1_4.875_mu2_0.0225_n10_ntot151_qN.npy
baseline,case1,offgrid1,0.5338099760043475,0.7293480547615969,euclidean_hprom_main/Runs/HPROM_ANN_C1/case1_hprom_ann_mu1_4.560_mu2_0.0190_n10_ntot151_qN.npy
baseline,case1,offgrid2,0.7102341122469695,1.309868212489004,euclidean_hprom_main/Runs/HPROM_ANN_C1/case1_hprom_ann_mu1_5.190_mu2_0.0260_n10_ntot151_qN.npy
baseline,case1,extrapolation20pct,1.6713260773056107,3.287116000905954,euclidean_hprom_main/Runs/HPROM_ANN_C1/case1_hprom_ann_mu1_4.000_mu2_0.0330_n10_ntot151_qN.npy
baseline,case2,verification,1.0564573895345402,2.3888446513076853,euclidean_hprom_main/Runs/HPROM_ANN_C2/case2_hprom_ann_mu1_4.875_mu2_0.0225_n10_ntot151_qN.npy
baseline,case2,offgrid1,1.9426849134240938,4.449773349017611,euclidean_hprom_main/Runs/HPROM_ANN_C2/case2_hprom_ann_mu1_4.560_mu2_0.0190_n10_ntot151_qN.npy
baseline,case2,offgrid2,1.8623296074298907,4.163401067149991,euclidean_hprom_main/Runs/HPROM_ANN_C2/case2_hprom_ann_mu1_5.190_mu2_0.0260_n10_ntot151_qN.npy
baseline,case2,extrapolation20pct,2.801427015227842,6.450710697075077,euclidean_hprom_main/Runs/HPROM_ANN_C2/case2_hprom_ann_mu1_4.000_mu2_0.0330_n10_ntot151_qN.npy
baseline,b3,verification,0.4158972811563344,0.11053531988252396,euclidean_hprom_main/Stage4/case2_b3/reporting_positive_fit4096_hprom3_p0_steps500/qN.npy
baseline,b3,offgrid1,0.45448109623691363,0.26165526794890526,euclidean_hprom_main/Stage4/case2_b3/reporting_positive_fit4096_hprom3_p1_steps500/qN.npy
baseline,b3,offgrid2,0.49546803981248155,0.35658011789043653,euclidean_hprom_main/Stage4/case2_b3/reporting_positive_fit4096_hprom3_p2_steps500/qN.npy
baseline,b3,extrapolation20pct,0.8449538055846875,0.3363500275821262,euclidean_hprom_main/Stage4/case2_b3/reporting_positive_fit4096_hprom3_p3_steps500/qN.npy
baseline,case3,verification,0.40742965401697795,0.21787834278165336,euclidean_hprom_main/Runs/HPROM_ANN_C3/case3_hprom_ann_mu1_4.875_mu2_0.0225_n10_ntot151_qN.npy
baseline,case3,offgrid1,0.5116197136743987,0.7141047507799233,euclidean_hprom_main/Runs/HPROM_ANN_C3/case3_hprom_ann_mu1_4.560_mu2_0.0190_n10_ntot151_qN.npy
baseline,case3,offgrid2,0.5620389570824057,0.7938274492946539,euclidean_hprom_main/Runs/HPROM_ANN_C3/case3_hprom_ann_mu1_5.190_mu2_0.0260_n10_ntot151_qN.npy
baseline,case3,extrapolation20pct,1.515076432954065,2.6224205986303164,euclidean_hprom_main/Runs/HPROM_ANN_C3/case3_hprom_ann_mu1_4.000_mu2_0.0330_n10_ntot151_qN.npy
baseline,podae,verification,0.4291623622341301,0.49486547682405485,euclidean_hprom_main/Runs/HPROM_POD_AE/podae_hprom_mu1_4.875_mu2_0.0225_ntot151_nz10_qN.npy
baseline,podae,offgrid1,0.5992990916679419,1.0979261248813883,euclidean_hprom_main/Runs/HPROM_POD_AE/podae_hprom_mu1_4.560_mu2_0.0190_ntot151_nz10_qN.npy
baseline,podae,offgrid2,0.719136011498798,1.3186823152254463,euclidean_hprom_main/Runs/HPROM_POD_AE/podae_hprom_mu1_5.190_mu2_0.0260_ntot151_nz10_qN.npy
baseline,podae,extrapolation20pct,1.801172717837192,3.856909315335754,euclidean_hprom_main/Runs/HPROM_POD_AE/podae_hprom_mu1_4.000_mu2_0.0330_ntot151_nz10_qN.npy
baseline,podnn,verification,1.0730743005507113,2.4367723997863093,euclidean_hprom_main/Runs/PODNN_ROM/rom_data_driven_mu1_4.875_mu2_0.0225_ntot151/qN.npy
baseline,podnn,offgrid1,1.8558025116521846,4.236760750839638,euclidean_hprom_main/Runs/PODNN_ROM/rom_data_driven_mu1_4.560_mu2_0.0190_ntot151/qN.npy
baseline,podnn,offgrid2,2.1749104349092505,4.902311928606917,euclidean_hprom_main/Runs/PODNN_ROM/rom_data_driven_mu1_5.190_mu2_0.0260_ntot151/qN.npy
baseline,podnn,extrapolation20pct,5.101776366964661,11.977555855233506,euclidean_hprom_main/Runs/PODNN_ROM/rom_data_driven_mu1_4.000_mu2_0.0330_ntot151/qN.npy
baseline,poddl,verification,0.7715852635048019,1.670441377037139,euclidean_hprom_main/Runs/PODDL_ROM/pod_dl_data_driven_mu1_4.875_mu2_0.0225_ntot151_nz10/qN.npy
baseline,poddl,offgrid1,1.1259950098135307,2.4869722105358916,euclidean_hprom_main/Runs/PODDL_ROM/pod_dl_data_driven_mu1_4.560_mu2_0.0190_ntot151_nz10/qN.npy
baseline,poddl,offgrid2,1.3537627356546313,2.986954720607206,euclidean_hprom_main/Runs/PODDL_ROM/pod_dl_data_driven_mu1_5.190_mu2_0.0260_ntot151_nz10/qN.npy
baseline,poddl,extrapolation20pct,2.2890890658560066,5.16503077218772,euclidean_hprom_main/Runs/PODDL_ROM/pod_dl_data_driven_mu1_4.000_mu2_0.0330_ntot151_nz10/qN.npy
lhs8,linear,verification,0.4103876436595169,0.0,euclidean_hprom_main/Runs/Linear/linear_hprom_mu1_4.875_mu2_0.0225_ntot151/qN.npy
lhs8,linear,offgrid1,0.449823818711427,0.0,euclidean_hprom_main/Runs/Linear/linear_hprom_mu1_4.560_mu2_0.0190_ntot151/qN.npy
lhs8,linear,offgrid2,0.4632381358945413,0.0,euclidean_hprom_main/Runs/Linear/linear_hprom_mu1_5.190_mu2_0.0260_ntot151/qN.npy
lhs8,linear,extrapolation20pct,0.849888467909238,0.0,euclidean_hprom_main/Runs/Linear/linear_hprom_mu1_4.000_mu2_0.0330_ntot151/qN.npy
lhs8,case1,verification,0.41183731648924293,0.1142653764240727,euclidean_hprom_enrichment_lhs8/Runs/HPROM_ANN_C1/case1_hprom_ann_mu1_4.875_mu2_0.0225_n10_ntot151_qN.npy
lhs8,case1,offgrid1,0.4644976671219976,0.27249390515783156,euclidean_hprom_enrichment_lhs8/Runs/HPROM_ANN_C1/case1_hprom_ann_mu1_4.560_mu2_0.0190_n10_ntot151_qN.npy
lhs8,case1,offgrid2,0.47871900429513664,0.34784047513912797,euclidean_hprom_enrichment_lhs8/Runs/HPROM_ANN_C1/case1_hprom_ann_mu1_5.190_mu2_0.0260_n10_ntot151_qN.npy
lhs8,case1,extrapolation20pct,1.1003701736638956,1.4553795871628483,euclidean_hprom_enrichment_lhs8/Runs/HPROM_ANN_C1/case1_hprom_ann_mu1_4.000_mu2_0.0330_n10_ntot151_qN.npy
lhs8,case2,verification,0.5432813672066092,1.0191246006599781,euclidean_hprom_enrichment_lhs8/Runs/HPROM_ANN_C2/case2_hprom_ann_mu1_4.875_mu2_0.0225_n10_ntot151_qN.npy
lhs8,case2,offgrid1,0.7454098453209596,1.5017079899918955,euclidean_hprom_enrichment_lhs8/Runs/HPROM_ANN_C2/case2_hprom_ann_mu1_4.560_mu2_0.0190_n10_ntot151_qN.npy
lhs8,case2,offgrid2,0.8697113026118484,1.7804646103998376,euclidean_hprom_enrichment_lhs8/Runs/HPROM_ANN_C2/case2_hprom_ann_mu1_5.190_mu2_0.0260_n10_ntot151_qN.npy
lhs8,case2,extrapolation20pct,3.621005380672513,8.277716173322485,euclidean_hprom_enrichment_lhs8/Runs/HPROM_ANN_C2/case2_hprom_ann_mu1_4.000_mu2_0.0330_n10_ntot151_qN.npy
lhs8,b3,verification,0.40948651153295745,0.03752533717741644,euclidean_hprom_enrichment_lhs8/Stage4/case2_b3/reporting_positive_fit4096_hprom3_p0_steps500/qN.npy
lhs8,b3,offgrid1,0.4491835223594651,0.07371987004305809,euclidean_hprom_enrichment_lhs8/Stage4/case2_b3/reporting_positive_fit4096_hprom3_p1_steps500/qN.npy
lhs8,b3,offgrid2,0.4634841694511361,0.07638413048608728,euclidean_hprom_enrichment_lhs8/Stage4/case2_b3/reporting_positive_fit4096_hprom3_p2_steps500/qN.npy
lhs8,b3,extrapolation20pct,0.871061901763254,0.4430166293628907,euclidean_hprom_enrichment_lhs8/Stage4/case2_b3/reporting_positive_fit4096_hprom3_p3_steps500/qN.npy
lhs8,case3,verification,0.4077140149403049,0.07937617740111408,euclidean_hprom_enrichment_lhs8/Runs/HPROM_ANN_C3/case3_hprom_ann_mu1_4.875_mu2_0.0225_n10_ntot151_qN.npy
lhs8,case3,offgrid1,0.4493225809633984,0.16882240799944226,euclidean_hprom_enrichment_lhs8/Runs/HPROM_ANN_C3/case3_hprom_ann_mu1_4.560_mu2_0.0190_n10_ntot151_qN.npy
lhs8,case3,offgrid2,0.4661612771421929,0.17756608865244017,euclidean_hprom_enrichment_lhs8/Runs/HPROM_ANN_C3/case3_hprom_ann_mu1_5.190_mu2_0.0260_n10_ntot151_qN.npy
lhs8,case3,extrapolation20pct,1.0527640849097375,1.2574493954682688,euclidean_hprom_enrichment_lhs8/Runs/HPROM_ANN_C3/case3_hprom_ann_mu1_4.000_mu2_0.0330_n10_ntot151_qN.npy
lhs8,podae,verification,0.4163205467588329,0.3667512728557314,euclidean_hprom_enrichment_lhs8/Runs/HPROM_POD_AE/podae_hprom_mu1_4.875_mu2_0.0225_ntot151_nz10_qN.npy
lhs8,podae,offgrid1,0.45931000212971135,0.41687641184300844,euclidean_hprom_enrichment_lhs8/Runs/HPROM_POD_AE/podae_hprom_mu1_4.560_mu2_0.0190_ntot151_nz10_qN.npy
lhs8,podae,offgrid2,0.489832749203666,0.4839509089679392,euclidean_hprom_enrichment_lhs8/Runs/HPROM_POD_AE/podae_hprom_mu1_5.190_mu2_0.0260_ntot151_nz10_qN.npy
lhs8,podae,extrapolation20pct,1.008030485903951,1.3940534238060676,euclidean_hprom_enrichment_lhs8/Runs/HPROM_POD_AE/podae_hprom_mu1_4.000_mu2_0.0330_ntot151_nz10_qN.npy
lhs8,podnn,verification,0.5421234034732375,1.005555171591668,euclidean_hprom_enrichment_lhs8/Runs/PODNN_ROM/rom_data_driven_mu1_4.875_mu2_0.0225_ntot151/qN.npy
lhs8,podnn,offgrid1,0.8084147107837734,1.66027178667975,euclidean_hprom_enrichment_lhs8/Runs/PODNN_ROM/rom_data_driven_mu1_4.560_mu2_0.0190_ntot151/qN.npy
lhs8,podnn,offgrid2,0.9125581860437486,1.875575244614304,euclidean_hprom_enrichment_lhs8/Runs/PODNN_ROM/rom_data_driven_mu1_5.190_mu2_0.0260_ntot151/qN.npy
lhs8,podnn,extrapolation20pct,10.836017506886488,25.405031862374642,euclidean_hprom_enrichment_lhs8/Runs/PODNN_ROM/rom_data_driven_mu1_4.000_mu2_0.0330_ntot151/qN.npy
lhs8,poddl,verification,0.41128534664005856,0.19738617940441527,euclidean_hprom_enrichment_lhs8/Runs/PODDL_ROM/pod_dl_data_driven_mu1_4.875_mu2_0.0225_ntot151_nz10/qN.npy
lhs8,poddl,offgrid1,0.46755589174522444,0.3521378767626622,euclidean_hprom_enrichment_lhs8/Runs/PODDL_ROM/pod_dl_data_driven_mu1_4.560_mu2_0.0190_ntot151_nz10/qN.npy
lhs8,poddl,offgrid2,0.49584920718076947,0.47016604129986006,euclidean_hprom_enrichment_lhs8/Runs/PODDL_ROM/pod_dl_data_driven_mu1_5.190_mu2_0.0260_ntot151_nz10/qN.npy
lhs8,poddl,extrapolation20pct,1.1185556482120542,1.6816663223016735,euclidean_hprom_enrichment_lhs8/Runs/PODDL_ROM/pod_dl_data_driven_mu1_4.000_mu2_0.0330_ntot151_nz10/qN.npy
lhs12,linear,verification,0.4103876436595169,0.0,euclidean_hprom_main/Runs/Linear/linear_hprom_mu1_4.875_mu2_0.0225_ntot151/qN.npy
lhs12,linear,offgrid1,0.449823818711427,0.0,euclidean_hprom_main/Runs/Linear/linear_hprom_mu1_4.560_mu2_0.0190_ntot151/qN.npy
lhs12,linear,offgrid2,0.4632381358945413,0.0,euclidean_hprom_main/Runs/Linear/linear_hprom_mu1_5.190_mu2_0.0260_ntot151/qN.npy
lhs12,linear,extrapolation20pct,0.849888467909238,0.0,euclidean_hprom_main/Runs/Linear/linear_hprom_mu1_4.000_mu2_0.0330_ntot151/qN.npy
lhs12,case1,verification,0.41122327864777664,0.12252024397264291,euclidean_hprom_enrichment_lhs12/Runs/HPROM_ANN_C1/case1_hprom_ann_mu1_4.875_mu2_0.0225_n10_ntot151_qN.npy
lhs12,case1,offgrid1,0.4562865116883279,0.16578559565232637,euclidean_hprom_enrichment_lhs12/Runs/HPROM_ANN_C1/case1_hprom_ann_mu1_4.560_mu2_0.0190_n10_ntot151_qN.npy
lhs12,case1,offgrid2,0.46936357064389117,0.2605463905259203,euclidean_hprom_enrichment_lhs12/Runs/HPROM_ANN_C1/case1_hprom_ann_mu1_5.190_mu2_0.0260_n10_ntot151_qN.npy
lhs12,case1,extrapolation20pct,0.8566139252850136,0.307570809625952,euclidean_hprom_enrichment_lhs12/Runs/HPROM_ANN_C1/case1_hprom_ann_mu1_4.000_mu2_0.0330_n10_ntot151_qN.npy
lhs12,case2,verification,0.4596224910801395,0.6366821923884456,euclidean_hprom_enrichment_lhs12/Runs/HPROM_ANN_C2/case2_hprom_ann_mu1_4.875_mu2_0.0225_n10_ntot151_qN.npy
lhs12,case2,offgrid1,0.5053341198841855,0.6678861786816684,euclidean_hprom_enrichment_lhs12/Runs/HPROM_ANN_C2/case2_hprom_ann_mu1_4.560_mu2_0.0190_n10_ntot151_qN.npy
lhs12,case2,offgrid2,0.7538511402032132,1.454682376517439,euclidean_hprom_enrichment_lhs12/Runs/HPROM_ANN_C2/case2_hprom_ann_mu1_5.190_mu2_0.0260_n10_ntot151_qN.npy
lhs12,case2,extrapolation20pct,1.471036155042309,2.8812279216910035,euclidean_hprom_enrichment_lhs12/Runs/HPROM_ANN_C2/case2_hprom_ann_mu1_4.000_mu2_0.0330_n10_ntot151_qN.npy
lhs12,b3,verification,0.4113065499700501,0.030785353280980074,euclidean_hprom_enrichment_lhs12/Stage4/case2_b3/reporting_positive_fit4096_hprom3_p0_steps500/qN.npy
lhs12,b3,offgrid1,0.451375149833953,0.032046973492326304,euclidean_hprom_enrichment_lhs12/Stage4/case2_b3/reporting_positive_fit4096_hprom3_p1_steps500/qN.npy
lhs12,b3,offgrid2,0.4654790031803021,0.05442094435313132,euclidean_hprom_enrichment_lhs12/Stage4/case2_b3/reporting_positive_fit4096_hprom3_p2_steps500/qN.npy
lhs12,b3,extrapolation20pct,0.8488785281257236,0.09149627257236048,euclidean_hprom_enrichment_lhs12/Stage4/case2_b3/reporting_positive_fit4096_hprom3_p3_steps500/qN.npy
lhs12,case3,verification,0.4079032809300406,0.06873851982745437,euclidean_hprom_enrichment_lhs12/Runs/HPROM_ANN_C3/case3_hprom_ann_mu1_4.875_mu2_0.0225_n10_ntot151_qN.npy
lhs12,case3,offgrid1,0.4464818989047618,0.08152025762788936,euclidean_hprom_enrichment_lhs12/Runs/HPROM_ANN_C3/case3_hprom_ann_mu1_4.560_mu2_0.0190_n10_ntot151_qN.npy
lhs12,case3,offgrid2,0.46482410328612267,0.13675926020557594,euclidean_hprom_enrichment_lhs12/Runs/HPROM_ANN_C3/case3_hprom_ann_mu1_5.190_mu2_0.0260_n10_ntot151_qN.npy
lhs12,case3,extrapolation20pct,0.8552389084836342,0.15023991655777186,euclidean_hprom_enrichment_lhs12/Runs/HPROM_ANN_C3/case3_hprom_ann_mu1_4.000_mu2_0.0330_n10_ntot151_qN.npy
lhs12,podae,verification,0.41041337816552287,0.28256696470606524,euclidean_hprom_enrichment_lhs12/Runs/HPROM_POD_AE/podae_hprom_mu1_4.875_mu2_0.0225_ntot151_nz10_qN.npy
lhs12,podae,offgrid1,0.4466973604211507,0.26904949770642433,euclidean_hprom_enrichment_lhs12/Runs/HPROM_POD_AE/podae_hprom_mu1_4.560_mu2_0.0190_ntot151_nz10_qN.npy
lhs12,podae,offgrid2,0.4729542802133685,0.3433405652591149,euclidean_hprom_enrichment_lhs12/Runs/HPROM_POD_AE/podae_hprom_mu1_5.190_mu2_0.0260_ntot151_nz10_qN.npy
lhs12,podae,extrapolation20pct,0.8721698844868968,0.31137357361234486,euclidean_hprom_enrichment_lhs12/Runs/HPROM_POD_AE/podae_hprom_mu1_4.000_mu2_0.0330_ntot151_nz10_qN.npy
lhs12,podnn,verification,0.4592840301349467,0.6252623444477912,euclidean_hprom_enrichment_lhs12/Runs/PODNN_ROM/rom_data_driven_mu1_4.875_mu2_0.0225_ntot151/qN.npy
lhs12,podnn,offgrid1,0.5074557379374882,0.669416260888782,euclidean_hprom_enrichment_lhs12/Runs/PODNN_ROM/rom_data_driven_mu1_4.560_mu2_0.0190_ntot151/qN.npy
lhs12,podnn,offgrid2,0.7871342560286966,1.5364576646871524,euclidean_hprom_enrichment_lhs12/Runs/PODNN_ROM/rom_data_driven_mu1_5.190_mu2_0.0260_ntot151/qN.npy
lhs12,podnn,extrapolation20pct,3.2959888983669567,7.5486859111615265,euclidean_hprom_enrichment_lhs12/Runs/PODNN_ROM/rom_data_driven_mu1_4.000_mu2_0.0330_ntot151/qN.npy
lhs12,poddl,verification,0.42491265934879113,0.40714701072388104,euclidean_hprom_enrichment_lhs12/Runs/PODDL_ROM/pod_dl_data_driven_mu1_4.875_mu2_0.0225_ntot151_nz10/qN.npy
lhs12,poddl,offgrid1,0.46360852571315686,0.40427062309302947,euclidean_hprom_enrichment_lhs12/Runs/PODDL_ROM/pod_dl_data_driven_mu1_4.560_mu2_0.0190_ntot151_nz10/qN.npy
lhs12,poddl,offgrid2,0.49405707752897315,0.4998649428702968,euclidean_hprom_enrichment_lhs12/Runs/PODDL_ROM/pod_dl_data_driven_mu1_5.190_mu2_0.0260_ntot151_nz10/qN.npy
lhs12,poddl,extrapolation20pct,0.863930109097706,0.45968411553527816,euclidean_hprom_enrichment_lhs12/Runs/PODDL_ROM/pod_dl_data_driven_mu1_4.000_mu2_0.0330_ntot151_nz10/qN.npy
lhs18,linear,verification,0.4103876436595169,0.0,euclidean_hprom_main/Runs/Linear/linear_hprom_mu1_4.875_mu2_0.0225_ntot151/qN.npy
lhs18,linear,offgrid1,0.449823818711427,0.0,euclidean_hprom_main/Runs/Linear/linear_hprom_mu1_4.560_mu2_0.0190_ntot151/qN.npy
lhs18,linear,offgrid2,0.4632381358945413,0.0,euclidean_hprom_main/Runs/Linear/linear_hprom_mu1_5.190_mu2_0.0260_ntot151/qN.npy
lhs18,linear,extrapolation20pct,0.849888467909238,0.0,euclidean_hprom_main/Runs/Linear/linear_hprom_mu1_4.000_mu2_0.0330_ntot151/qN.npy
lhs18,case1,verification,0.4069903087858899,0.11683633224883276,euclidean_hprom_enrichment_lhs18/Runs/HPROM_ANN_C1/case1_hprom_ann_mu1_4.875_mu2_0.0225_n10_ntot151_qN.npy
lhs18,case1,offgrid1,0.4449825451349027,0.14396908603466566,euclidean_hprom_enrichment_lhs18/Runs/HPROM_ANN_C1/case1_hprom_ann_mu1_4.560_mu2_0.0190_n10_ntot151_qN.npy
lhs18,case1,offgrid2,0.4632576524639347,0.1226924403190796,euclidean_hprom_enrichment_lhs18/Runs/HPROM_ANN_C1/case1_hprom_ann_mu1_5.190_mu2_0.0260_n10_ntot151_qN.npy
lhs18,case1,extrapolation20pct,0.8487528534518356,0.20924685493174147,euclidean_hprom_enrichment_lhs18/Runs/HPROM_ANN_C1/case1_hprom_ann_mu1_4.000_mu2_0.0330_n10_ntot151_qN.npy
lhs18,case2,verification,0.4442763796773096,0.5495911202869224,euclidean_hprom_enrichment_lhs18/Runs/HPROM_ANN_C2/case2_hprom_ann_mu1_4.875_mu2_0.0225_n10_ntot151_qN.npy
lhs18,case2,offgrid1,0.4865648066360684,0.5622539281223802,euclidean_hprom_enrichment_lhs18/Runs/HPROM_ANN_C2/case2_hprom_ann_mu1_4.560_mu2_0.0190_n10_ntot151_qN.npy
lhs18,case2,offgrid2,0.533807325928889,0.7099912001227813,euclidean_hprom_enrichment_lhs18/Runs/HPROM_ANN_C2/case2_hprom_ann_mu1_5.190_mu2_0.0260_n10_ntot151_qN.npy
lhs18,case2,extrapolation20pct,0.8855256739718973,0.626640305163137,euclidean_hprom_enrichment_lhs18/Runs/HPROM_ANN_C2/case2_hprom_ann_mu1_4.000_mu2_0.0330_n10_ntot151_qN.npy
lhs18,b3,verification,0.4118037418680985,0.03060280704799491,euclidean_hprom_enrichment_lhs18/Stage4/case2_b3/reporting_positive_fit4096_hprom3_p0_steps500/qN.npy
lhs18,b3,offgrid1,0.4522377470171922,0.034617487198210305,euclidean_hprom_enrichment_lhs18/Stage4/case2_b3/reporting_positive_fit4096_hprom3_p1_steps500/qN.npy
lhs18,b3,offgrid2,0.46386573656617475,0.03638351362923024,euclidean_hprom_enrichment_lhs18/Stage4/case2_b3/reporting_positive_fit4096_hprom3_p2_steps500/qN.npy
lhs18,b3,extrapolation20pct,0.8489868484790806,0.04762829614478397,euclidean_hprom_enrichment_lhs18/Stage4/case2_b3/reporting_positive_fit4096_hprom3_p3_steps500/qN.npy
lhs18,case3,verification,0.40835737227223456,0.05942170639653118,euclidean_hprom_enrichment_lhs18/Runs/HPROM_ANN_C3/case3_hprom_ann_mu1_4.875_mu2_0.0225_n10_ntot151_qN.npy
lhs18,case3,offgrid1,0.44654484560394636,0.07062731419251901,euclidean_hprom_enrichment_lhs18/Runs/HPROM_ANN_C3/case3_hprom_ann_mu1_4.560_mu2_0.0190_n10_ntot151_qN.npy
lhs18,case3,offgrid2,0.4624350400374711,0.08195498314006588,euclidean_hprom_enrichment_lhs18/Runs/HPROM_ANN_C3/case3_hprom_ann_mu1_5.190_mu2_0.0260_n10_ntot151_qN.npy
lhs18,case3,extrapolation20pct,0.8528570905603791,0.1296955117373529,euclidean_hprom_enrichment_lhs18/Runs/HPROM_ANN_C3/case3_hprom_ann_mu1_4.000_mu2_0.0330_n10_ntot151_qN.npy
lhs18,podae,verification,0.40868569899042695,0.23900092230936165,euclidean_hprom_enrichment_lhs18/Runs/HPROM_POD_AE/podae_hprom_mu1_4.875_mu2_0.0225_ntot151_nz10_qN.npy
lhs18,podae,offgrid1,0.4463646527449014,0.273863703281627,euclidean_hprom_enrichment_lhs18/Runs/HPROM_POD_AE/podae_hprom_mu1_4.560_mu2_0.0190_ntot151_nz10_qN.npy
lhs18,podae,offgrid2,0.468727167192384,0.2570789687774328,euclidean_hprom_enrichment_lhs18/Runs/HPROM_POD_AE/podae_hprom_mu1_5.190_mu2_0.0260_ntot151_nz10_qN.npy
lhs18,podae,extrapolation20pct,0.8717763187745929,0.34827640618580263,euclidean_hprom_enrichment_lhs18/Runs/HPROM_POD_AE/podae_hprom_mu1_4.000_mu2_0.0330_ntot151_nz10_qN.npy
lhs18,podnn,verification,0.445955804546737,0.5485852496730407,euclidean_hprom_enrichment_lhs18/Runs/PODNN_ROM/rom_data_driven_mu1_4.875_mu2_0.0225_ntot151/qN.npy
lhs18,podnn,offgrid1,0.4880311415612619,0.5647213330773674,euclidean_hprom_enrichment_lhs18/Runs/PODNN_ROM/rom_data_driven_mu1_4.560_mu2_0.0190_ntot151/qN.npy
lhs18,podnn,offgrid2,0.5364709432417795,0.7081984631018344,euclidean_hprom_enrichment_lhs18/Runs/PODNN_ROM/rom_data_driven_mu1_5.190_mu2_0.0260_ntot151/qN.npy
lhs18,podnn,extrapolation20pct,0.9817710178363445,1.2042825483281756,euclidean_hprom_enrichment_lhs18/Runs/PODNN_ROM/rom_data_driven_mu1_4.000_mu2_0.0330_ntot151/qN.npy
lhs18,poddl,verification,0.41301076397837216,0.19540111178244582,euclidean_hprom_enrichment_lhs18/Runs/PODDL_ROM/pod_dl_data_driven_mu1_4.875_mu2_0.0225_ntot151_nz10/qN.npy
lhs18,poddl,offgrid1,0.4527939850871431,0.19899307781048953,euclidean_hprom_enrichment_lhs18/Runs/PODDL_ROM/pod_dl_data_driven_mu1_4.560_mu2_0.0190_ntot151_nz10/qN.npy
lhs18,poddl,offgrid2,0.46884185843764403,0.2038225473434896,euclidean_hprom_enrichment_lhs18/Runs/PODDL_ROM/pod_dl_data_driven_mu1_5.190_mu2_0.0260_ntot151_nz10/qN.npy
lhs18,poddl,extrapolation20pct,0.8578859257229456,0.32583600019566544,euclidean_hprom_enrichment_lhs18/Runs/PODDL_ROM/pod_dl_data_driven_mu1_4.000_mu2_0.0330_ntot151_nz10/qN.npy
