sequence,repeat,method,mu1,mu2,cells,online_seconds,wall_seconds,error_percent,nonconverged_steps,iterations,bm_jacobian,plateau_steps,jacobian_seconds,residual_seconds,linear_solve_seconds,report
1,1,bm_ecsw,4.75,0.02,300,1.208620548248291,3.6092980038374662,1.0061454042949942,0,1511,gauss_newton,0,0.214999914,0.107510805,0.0346708298,bm_ecsw_mu1_4.75_mu2_0.020_repeat1/hprom_bm_ecsw_tol1e-10_offset1_snap5pct_iter20_gauss_newton_summary_mu1_4.75_mu2_0.020.txt
2,1,ecsw,4.75,0.02,2492,19.68198275566101,21.957790177315474,1.0010538831431635,0,1500,,0,0.133724213,0.236050367,17.9038439,ecsw_mu1_4.75_mu2_0.020_repeat1/hprom_ecsw_tol1e-10_offset1_snap5pct_summary_mu1_4.75_mu2_0.020.txt
3,1,ecsw,5.19,0.026,2492,17.304445028305054,19.638118827715516,0.9927616992772019,0,1500,,0,0.129025221,0.22745657,15.7190003,ecsw_mu1_5.19_mu2_0.026_repeat1/hprom_ecsw_tol1e-10_offset1_snap5pct_summary_mu1_5.19_mu2_0.026.txt
4,1,bm_ecsw,5.19,0.026,300,1.2061424255371094,3.6661394238471985,1.0068805465813986,0,1518,gauss_newton,0,0.216124296,0.109706163,0.0356385708,bm_ecsw_mu1_5.19_mu2_0.026_repeat1/hprom_bm_ecsw_tol1e-10_offset1_snap5pct_iter20_gauss_newton_summary_mu1_5.19_mu2_0.026.txt
5,1,bm_ecsw,4.56,0.019,300,1.2375576496124268,3.6439873576164246,1.1018904749353193,0,1509,gauss_newton,0,0.220723391,0.110457182,0.0356791019,bm_ecsw_mu1_4.56_mu2_0.019_repeat1/hprom_bm_ecsw_tol1e-10_offset1_snap5pct_iter20_gauss_newton_summary_mu1_4.56_mu2_0.019.txt
6,1,ecsw,4.56,0.019,2492,18.8891339302063,21.206610376015306,1.0959187279388227,0,1500,,0,0.129910469,0.228777885,17.0386922,ecsw_mu1_4.56_mu2_0.019_repeat1/hprom_ecsw_tol1e-10_offset1_snap5pct_summary_mu1_4.56_mu2_0.019.txt
7,2,ecsw,5.19,0.026,2492,19.879754304885864,22.284947456791997,0.9927616992772019,0,1500,,0,0.135676861,0.235188007,18.0411732,ecsw_mu1_5.19_mu2_0.026_repeat2/hprom_ecsw_tol1e-10_offset1_snap5pct_summary_mu1_5.19_mu2_0.026.txt
8,2,bm_ecsw,5.19,0.026,300,1.2109057903289795,3.6426015589386225,1.0068805465813986,0,1518,gauss_newton,0,0.218308687,0.110345602,0.0353417397,bm_ecsw_mu1_5.19_mu2_0.026_repeat2/hprom_bm_ecsw_tol1e-10_offset1_snap5pct_iter20_gauss_newton_summary_mu1_5.19_mu2_0.026.txt
9,2,bm_ecsw,4.56,0.019,300,1.2053759098052979,3.6008439641445875,1.1018904749353193,0,1509,gauss_newton,0,0.214520216,0.110143661,0.0355803967,bm_ecsw_mu1_4.56_mu2_0.019_repeat2/hprom_bm_ecsw_tol1e-10_offset1_snap5pct_iter20_gauss_newton_summary_mu1_4.56_mu2_0.019.txt
10,2,ecsw,4.56,0.019,2492,18.94526696205139,21.277969662100077,1.0959187279388227,0,1500,,0,0.12983489,0.234842539,17.2638426,ecsw_mu1_4.56_mu2_0.019_repeat2/hprom_ecsw_tol1e-10_offset1_snap5pct_summary_mu1_4.56_mu2_0.019.txt
11,2,ecsw,4.75,0.02,2492,18.408254623413086,20.752506893128157,1.0010538831431635,0,1500,,0,0.12844491,0.216039896,16.6913176,ecsw_mu1_4.75_mu2_0.020_repeat2/hprom_ecsw_tol1e-10_offset1_snap5pct_summary_mu1_4.75_mu2_0.020.txt
12,2,bm_ecsw,4.75,0.02,300,1.2035510540008545,3.6077667493373156,1.0061454042949942,0,1511,gauss_newton,0,0.216581821,0.109788656,0.0356082916,bm_ecsw_mu1_4.75_mu2_0.020_repeat2/hprom_bm_ecsw_tol1e-10_offset1_snap5pct_iter20_gauss_newton_summary_mu1_4.75_mu2_0.020.txt
13,3,bm_ecsw,4.56,0.019,300,1.2123620510101318,3.6508132200688124,1.1018904749353193,0,1509,gauss_newton,0,0.215634584,0.110196114,0.034799099,bm_ecsw_mu1_4.56_mu2_0.019_repeat3/hprom_bm_ecsw_tol1e-10_offset1_snap5pct_iter20_gauss_newton_summary_mu1_4.56_mu2_0.019.txt
14,3,ecsw,4.56,0.019,2492,17.795273065567017,20.11232684738934,1.0959187279388227,0,1500,,0,0.133302212,0.226176262,16.2193344,ecsw_mu1_4.56_mu2_0.019_repeat3/hprom_ecsw_tol1e-10_offset1_snap5pct_summary_mu1_4.56_mu2_0.019.txt
15,3,ecsw,4.75,0.02,2492,18.38955521583557,20.738022277131677,1.0010538831431635,0,1500,,0,0.13351512,0.237199306,16.7791579,ecsw_mu1_4.75_mu2_0.020_repeat3/hprom_ecsw_tol1e-10_offset1_snap5pct_summary_mu1_4.75_mu2_0.020.txt
16,3,bm_ecsw,4.75,0.02,300,1.199531078338623,3.5962668787688017,1.0061454042949942,0,1511,gauss_newton,0,0.217309475,0.110113621,0.0355532169,bm_ecsw_mu1_4.75_mu2_0.020_repeat3/hprom_bm_ecsw_tol1e-10_offset1_snap5pct_iter20_gauss_newton_summary_mu1_4.75_mu2_0.020.txt
17,3,bm_ecsw,5.19,0.026,300,1.2079408168792725,3.614173775538802,1.0068805465813986,0,1518,gauss_newton,0,0.21495986,0.11017108,0.0357460976,bm_ecsw_mu1_5.19_mu2_0.026_repeat3/hprom_bm_ecsw_tol1e-10_offset1_snap5pct_iter20_gauss_newton_summary_mu1_5.19_mu2_0.026.txt
18,3,ecsw,5.19,0.026,2492,18.52587389945984,20.850557312369347,0.9927616992772019,0,1500,,0,0.128129959,0.222307682,16.975162,ecsw_mu1_5.19_mu2_0.026_repeat3/hprom_ecsw_tol1e-10_offset1_snap5pct_summary_mu1_5.19_mu2_0.026.txt
