label,coeff_index_1based,linear_coeff_l2,energy_share_percent,case1_rel_percent,dd_case2_rel_percent,case3_rel_percent,pod_ae_rel_percent,pod_dl_rel_percent,case1_abs_l2,dd_case2_abs_l2,case3_abs_l2,pod_ae_abs_l2,pod_dl_abs_l2
verification,1,6782.558186573308,61.939583892173445,0.0,0.36375950853260897,0.0,0.0161031000507265,0.03034082626266533,0.0,24.6722003254173,0.0,1.0922021307826408,2.0578841955523917
verification,2,3114.0752636478423,13.0568807173187,0.0,0.5117424299354174,0.0,0.029710473092362185,0.07124462165270162,0.0,15.936044424209225,0.0,0.9252064932819989,2.218611139566276
verification,3,2271.79182725157,6.948935694621388,0.0,0.9323653406754698,0.0,0.03232559576936232,0.10443027094553801,0.0,21.18139960959158,0.0,0.7343702427987525,2.3724383605174033
verification,4,1645.5789262361134,3.646016763469031,0.0,1.1786750795412615,0.0,0.041099988193940395,0.13343631902791572,0.0,19.396028717727745,0.0,0.6763327444050137,2.19579994586857
verification,5,1400.720420654372,2.641703960724053,0.0,0.746265269343322,0.0,0.05510523269702477,0.16968314552330427,0.0,10.453090019943263,0.0,0.7718702472363358,2.3767864697535974
verification,6,1220.595012717306,2.0059698872932237,0.0,1.338640172092294,0.0,0.06490758978286773,0.2158908340175579,0.0,16.339375178788902,0.0,0.7922588037646913,2.635152752932109
verification,7,1173.6371513096217,1.854594315170614,0.0,1.294485951827491,0.0,0.05911297736606256,0.20172153254520708,0.0,15.192568049131406,0.0,0.693771863613358,2.3674788481416797
verification,8,1048.1553812087802,1.4792192969899247,0.0,1.1571086555382237,0.0,0.06479260659668813,0.2052172993278159,0.0,12.12829663945646,0.0,0.6791271926686218,2.1509961660758323
verification,9,887.0663022047692,1.059481530646474,0.0,1.6031571960609132,0.0,0.07535453450281739,0.28055014679911605,0.0,14.221067257627203,0.0,0.668444682757759,2.4886658130409707
verification,10,803.2368502926572,0.8686973087203762,0.0,1.3575783317324774,0.0,0.07756511218304464,0.30951719588663695,0.0,10.904569432063553,0.0,0.6230315640250539,2.4861561753539765
verification,11,684.2671802438315,0.6304238684578777,0.19768299561557948,1.3284488358330164,0.07546340229674543,0.10361619490840882,0.3726313521526052,1.3526798599202627,9.090139389936587,0.5163712950119987,0.7090116151757214,2.5497940460790933
verification,12,629.888646913075,0.5342060331432873,0.18972802744699077,1.84181028864071,0.08306791205446815,0.09882130802759394,0.4005413425860624,1.195075304900718,11.60135390582477,0.5232353472588326,0.6224641999968135,2.5229644431428127
verification,13,546.7090891386961,0.4024332124078639,0.2408506759036834,1.959367764540323,0.1172910795169003,0.12587764079812513,0.4005862926506077,1.3167525364174204,10.71204165839563,0.6412409924677894,0.6881845034367096,2.1900416717646087
verification,14,512.3865116469448,0.35348957013902327,0.25382089121226503,2.386285444520262,0.10227339498558684,0.1096037254644711,0.4116076471804634,1.3005440103137114,12.227004747116158,0.5240350809095498,0.5615947055424976,2.1090220650600404
verification,15,455.5967736382282,0.2794747053066794,0.32085635132030216,2.4418702785296666,0.11335376025649781,0.12972750114192658,0.4983459706811888,1.4618111846286355,11.12508220541198,0.5164360745262162,0.5910343097241132,2.270448163979607
verification,16,433.302596111473,0.25279228134961595,0.3098882844732113,2.5736357090852273,0.1227839852751451,0.15193134523221066,0.5606079263772832,1.3427539816677312,11.151630341918207,0.5320261958063325,0.6583224631982535,2.429128698999463
verification,17,391.4567310100297,0.20632352886937466,0.40874720203557496,3.0302096112282793,0.13331459821224045,0.16996695413244045,0.654174525198947,1.6000684351834236,11.861959486865954,0.521868968120792,0.6653470824441681,2.5608102114441813
verification,18,373.8963153366211,0.18822772693334153,0.520158191650188,3.0890213874967847,0.14102039276571754,0.17852025178326497,0.6204018027348658,1.9448523125016528,11.549737147810648,0.5272700524242488,0.6674806435472864,2.319659480707636
verification,19,341.2431803920596,0.15678668903286397,0.6045182013992322,3.7620758045143083,0.15529647547739242,0.17973807586939994,0.6888366495417062,2.0628771365036163,12.83782712408479,0.5299386319558288,0.6133439264722335,2.350608090602224
verification,20,326.4938908825309,0.14352625267966518,0.5478595660384471,3.702247230579196,0.18998263610061086,0.20684204053778193,0.8289334500222758,1.7887280137310744,12.087611033208761,0.6202817006060841,0.6753266261326261,2.706417073804528
verification,21,301.64929798661035,0.1225140410237721,0.6481206594990446,3.9615067146099867,0.16113419539171658,0.20104415634915995,0.9068406530986596,1.9550514194850572,11.949857194313456,0.48606016921548617,0.6064482862703443,2.735478463929299
verification,22,286.7848525409701,0.11073722723694346,0.5497457255833469,3.8208211115264583,0.2062312547480533,0.21048850777593797,0.9236598173771544,1.5765874684644876,10.95753619054541,0.5914399998225971,0.6036491566409121,2.6489164452452663
verification,23,266.43273287096486,0.0955776583283292,0.6912534339102471,4.421931163151301,0.22520407406784293,0.208774159060349,1.0274457231344716,1.8417254150314601,11.781472043656857,0.6000173690757058,0.5562426975128629,2.73745171891302
verification,24,254.20132844080945,0.08700352700823535,0.7000597083430825,4.557309105653663,0.21732333278145055,0.26078629835692474,1.0083010254683882,1.779561078486972,11.584740287725584,0.5524387989422884,0.6629222348149154,2.563114601422947
verification,25,238.6404512905856,0.07667774818371585,0.7830824653394708,5.5039013678494815,0.21842860194933725,0.26833892808210236,1.2235183465486736,1.8687515292635566,13.134535062824716,0.5212590014396152,0.6403652289634489,2.9198097038268656
verification,26,226.314784544275,0.06896156034962704,0.7734968117826144,5.542298168646384,0.26276153438713934,0.2993806297996345,1.054300449133569,1.7505376430426602,12.543040159173362,0.5946682004134854,0.6775426272983363,2.38603778990596
verification,27,213.27683756902147,0.06124471415414912,0.8188609273974773,6.678825562435846,0.2770516554709136,0.2747330442050773,1.3293637146096073,1.7464406900417004,14.244387946314584,0.5908870092209854,0.5859419484376908,2.8352248903094424
verification,28,201.2154181635123,0.05451345878589416,0.9922905256339247,5.954358579391177,0.2766883296419733,0.3291933981199629,1.3413770094971893,1.996641530551216,11.981087514476927,0.556739579498734,0.6623878725937593,2.699057358808986
verification,29,188.8027989681425,0.04799523072278021,1.061437771294958,6.368645356294763,0.272608902452082,0.33947344020067005,1.5251885739542177,2.0040242215099515,12.024180689039143,0.5146932380658641,0.6409353568523085,2.879598717167861
verification,30,155.99140051316272,0.03276291548746783,1.4950427092511533,7.5939906343357295,0.3676656320414719,0.3669308970380656,1.6530122438045758,2.3321380604308053,11.845972345338714,0.5735267686270635,0.5723806452051896,2.5785569497648133
verification,31,154.69976964341845,0.032222598584630814,1.1580079371251044,7.1047803721730585,0.3552664804007434,0.42733497844339474,1.7180562045554961,1.7914356111850385,10.991078869422529,0.5495964268002304,0.6610862272576836,2.6578289907918107
verification,32,169.7135550539755,0.0387805789961786,1.1043701668077615,8.700098389031629,0.29871476600144486,0.35396188184348487,1.899694552873874,1.8742658710449716,14.76524626921923,0.5069594488522162,0.6007212932125304,3.2240391608489762
verification,33,159.43487343499896,0.034225347768946646,1.3169089280169641,7.502723533326581,0.39398803165031443,0.4208831066435107,1.9920660184289296,2.0996120826380484,11.961957769537117,0.6281543196107224,0.671034448386373,3.176047935223787
verification,34,141.07952518421197,0.026798421011714382,1.3887192784663402,9.768804213877559,0.45019287862547785,0.48391161097172325,2.02357875547479,1.9591985642019272,13.78178260111375,0.6351299755779598,0.6827002030701782,2.8548552999524195
verification,35,125.66453024879564,0.02126212422995409,1.4624349308557165,9.892572419686212,0.48284020585657883,0.44252745843819996,2.348709972713198,1.8377619860541357,12.431454660720593,0.6067588765419877,0.5561000518682984,2.951495354116656
verification,36,132.26527687686223,0.02355444728831579,1.2564753048507205,8.049239415409863,0.43654496992131997,0.4807986828951975,1.8748233350777685,1.661880540850204,10.646348799273383,0.5773974131584488,0.6359297091516398,2.479740275092633
verification,37,121.70640953758257,0.01994380999711343,1.320161935955941,8.112458487247714,0.4553547005483429,0.5386732707524542,2.17995275554988,1.606721692333816,9.87338195005608,0.554195856697999,0.6555998969714728,2.653142228395353
verification,38,134.29140366878104,0.024281619740379227,1.45407335211517,10.003797618319986,0.41023395415899083,0.4731229690167607,2.4024072280607456,1.952695514929159,13.434240241825997,0.5509089353660526,0.6353634761720199,3.226226388403029
verification,39,131.5651038390043,0.023305726884445727,1.373831534710861,9.705291270113168,0.41635750592265514,0.47001384304852367,2.0810616761651297,1.8074828852153308,12.768776537402209,0.5477811850086297,0.6183742006644849,2.7379509552003762
verification,40,102.03251874376615,0.014017108736394127,1.8642010344678412,12.064835124130457,0.5759854548788421,0.6459329828219349,2.8327998793578626,1.9020912699148826,12.31005515943289,0.5876924672106213,0.6590616917699584,2.890377067879196
verification,41,122.60892434813654,0.020240693653379983,1.3812682930059872,10.824332039631821,0.4794127409352845,0.5747566795220712,2.657330179573618,1.6935581964165078,13.271597081663286,0.5878028048486709,0.7047029823810779,3.258123949553618
verification,42,114.62668988139794,0.017691014141822357,1.583119679381389,12.374686277204535,0.5260063529811644,0.5714310119896149,2.8512436757525577,1.8146776853358861,14.184693262767151,0.6029436709881707,0.6550124539994696,3.2682862459678557
verification,43,100.9808059498078,0.013729631853123135,1.6947775821425872,13.705689955959588,0.587190950817197,0.6452571748388275,3.386856937242867,1.7114000615042504,13.84011617850985,0.592950154599545,0.6515858956012084,3.420075431594823
verification,44,100.0295478287438,0.013472178808318386,1.8460264949040177,13.30289561523566,0.6127995871544144,0.6565042854694063,3.8154152480234353,1.8465719556512972,13.306826332050017,0.6129806561269695,0.6566982682313726,3.816542620386786
verification,45,102.44686226574841,0.014131183953019452,1.5560069325946928,14.994610948843869,0.5454201371868274,0.5987899531193422,3.1187320712840014,1.5940802790807818,15.36150842604691,0.558765816713445,0.613441518533312,3.195043149506043
verification,46,95.59883178163346,0.012305135419086306,1.636774710174027,13.547619331438638,0.6466023186101874,0.6550042980446036,3.3288261319045516,1.564737501823587,12.951365815078079,0.6181442628642947,0.6261764570501297,3.1823188941424885
verification,47,80.52328380125643,0.00873019977636121,2.1693786183090746,16.628718567214936,0.747282416275664,0.7683558347471314,4.449689445151443,1.7468549015447914,13.389990244390704,0.6017363408545394,0.6187053494169454,3.583036060193849
verification,48,94.63462132568296,0.01205816783405741,1.665781207549494,16.399154284829606,0.614366516683666,0.67504281735771,3.656906542334637,1.5764057378788525,15.519277558063008,0.5814034266153761,0.6388242139926905,3.4606996585725094
verification,49,90.74024495231112,0.011086159475471102,1.8950954772438902,16.809414454375847,0.7120327817954262,0.7685414759707347,3.7500073498191764,1.7196142781312753,15.252903850949835,0.6461002903419246,0.6973764178559521,3.4027658549555913
verification,50,71.11351126213471,0.0068090335233942055,2.5370546252068014,18.573365411413935,0.8438798501313982,0.9442178483238065,4.425151281817133,1.8041886266229483,13.20817230360328,0.6001125922620774,0.6714664659068362,3.146880455161525
verification,51,81.60937961522035,0.008967293405295658,2.1085029231121903,16.54199563946321,0.6411779146132949,0.8290585237917849,4.456796262709279,1.720736154720645,13.499820017342726,0.5232613183457172,0.6765895179135796,3.637163780711369
verification,52,79.942627154739,0.00860474609366565,2.106233873384895,20.379398108809212,0.7851466458268993,0.9154642809601055,3.609335223638235,1.6837786924069043,16.29182624650528,0.6276668556913372,0.7318461968627494,2.8853974005977787
verification,53,65.37567912323499,0.005754580288566916,2.6550840174546217,21.00737130373528,0.8171888245584117,1.0129166535375047,5.124179532700237,1.7357792077034297,13.733711655756522,0.534242743774243,0.662201141202489,3.3499671689965886
verification,54,76.81979097292695,0.007945614113306977,1.994195146099369,23.575529229208016,0.7599305788665685,0.8296788904748941,4.036265748660956,1.5319365428257905,18.110672274638894,0.5837770822246516,0.6373575894093132,3.100650911233191
verification,55,72.19012130463,0.007016762390676026,2.4481893364918803,22.52928940950395,0.8272647246524976,0.8760921534115209,4.673120473271052,1.7673508517805046,16.26392135379206,0.5972034082370513,0.6324519882881221,3.373531338365872
verification,56,66.03699388845462,0.00587159128982135,2.1464541266673782,20.914630085590108,0.8992022056038038,1.0406823223874542,4.957598715433478,1.4174537804458185,13.81139299141403,0.593806105559433,0.6872353216332308,3.27384916072491
verification,57,68.32822152620551,0.006286102537073326,1.9981804671990522,28.2296895509501,0.8241449756627508,1.0333212862445569,5.215499803778643,1.3653211761211368,19.288844812533274,0.5631236046679369,0.706050057542617,3.5636582596246846
verification,58,62.34715429136057,0.0052337683747082555,2.746944421632701,20.793959762470884,0.8496442609576139,0.986530251667479,6.07106714362563,1.7126416768532622,12.964442176391156,0.5297290183069338,0.6150735381380709,3.7851375991683684
verification,59,64.7372805778686,0.005642741186440973,2.3657078969857257,26.797707051810885,0.8734564099045576,1.086015097157451,5.608731167626857,1.531494958924444,17.348106802566093,0.5654519268052915,0.7030566405648314,3.630940032844964
verification,60,63.01543825733485,0.0053465686691516546,2.745137918485893,23.49636559883858,0.9474359127378,1.1016869979577808,5.773919389930643,1.729860690102165,14.806337756653791,0.5970308926191052,0.6942328899871713,3.6384606081900293
verification,61,59.51525337063329,0.0047691150638089225,3.335575472809413,30.683060704263465,0.9628370431079386,1.4289583280546572,7.549947146768887,1.9851761940112214,18.26110132000762,0.5730349057520033,0.8504481695024945,4.493370173748402
verification,62,66.57280130804723,0.00596725903864078,2.4035675962571528,29.977753576530898,0.9039511760879503,0.9827873731299074,7.005397959744424,1.6001222801608812,19.957030325119938,0.6017856203787872,0.65426908519435,4.66368966457865
verification,63,44.66966322814958,0.0026866221042351006,3.663987670649358,25.255894587143512,1.4553472078801726,1.849837799449524,7.0825087514726,1.6366909531999907,11.281723057333465,0.650098696560351,0.8263163152811154,3.163732807387032
verification,64,58.384168468843995,0.004589563948266388,3.568396740004356,29.4836530054022,0.9772801480618006,1.1052449545209437,7.074300936981125,2.08337876432088,17.213785641443405,0.5705768880569697,0.645288076240906,4.130271777040069
verification,65,61.871768416597035,0.005154259563721056,2.5122071955589638,31.201713863307486,0.9001824531826006,1.0001070091169213,6.813562954178186,1.554347018181329,19.30505214351486,0.5569588027599807,0.6187838925989766,4.215671891928175
verification,66,50.96843386305413,0.003497710050971666,3.063946170949518,32.80195076069027,1.245931787499482,1.452305905619237,6.739177031343931,1.5616453777399846,16.718640579254,0.6350319190904415,0.74021757499477,3.4348529881346663
verification,67,55.46768721885508,0.004142488799845459,2.867419102086996,32.82967925388165,1.0259168619231611,1.3817844754328075,7.838855656981031,1.590491058799318,18.209863803496432,0.5690523560970324,0.766443890871767,4.348031937351766
verification,68,55.88535874077825,0.0042051095395092206,3.0338084342138423,32.1012096273794,1.000036348349058,1.1956937582867502,8.42102016201301,1.6954547269683935,17.93987616039022,0.5588739008130499,0.6682177462596444,4.706117327174236
verification,69,51.798697598977995,0.003612591930069858,3.253979757447392,37.06441204241904,1.0743041736765786,1.4676371599989702,8.407832919424505,1.6855191344921323,19.198882710691823,0.5564755702159303,0.7602169343580953,4.355147948560023
verification,70,52.3426544951407,0.0036888645959331948,2.7384724159639493,36.277946791176824,1.0714944607255967,1.3387669401742353,8.545042397468873,1.4333891551327422,18.988840346836668,0.5608486435121701,0.700746153990567,4.472702018570419
verification,71,48.82955119859693,0.003210307935499493,3.5942786766465464,38.13278955251139,1.125886553187706,1.5562644862055552,7.374140072157859,1.7550701466333776,18.620069997996772,0.5497653509269093,0.759916964077323,3.6007595019905745
verification,72,50.45285668046738,0.0034273049625156357,2.619789640871565,39.23476530559964,1.1902530319834357,1.5662365486011955,9.022950702816035,1.3217587128386616,19.795059908551924,0.6005166563615203,0.7902110811428599,4.552336386440998
verification,73,51.24469434850901,0.0035357295751844075,3.6632321428153425,40.12401922023662,1.1455446184230411,1.3417827190309701,8.570243035738535,1.8772121148620593,20.56143100974726,0.5870308383366812,0.687592453188534,4.391794848588591
verification,74,48.001718376477776,0.003102378602162894,3.180273948949413,43.90966352532234,1.312721487736689,1.3657053505689227,9.500057283278645,1.5265861445751858,21.077393025484213,0.6301288716108747,0.6555620362325829,4.5601907427234805
verification,75,48.521216098172545,0.003169892843389087,3.9204936200044784,37.78499051157904,1.116668659433004,1.351909782648933,8.349182533075297,1.9022711814774405,18.333736898797255,0.5418212133440543,0.6559630670914236,4.051124899304341
verification,76,47.287768784237265,0.003010778962217,3.4230290915739627,48.480027476223654,1.1621399226725502,1.5349975916640395,9.394641615831118,1.6186740822406727,22.925123299491336,0.5495500395827093,0.7258661119897014,4.442516405401951
verification,77,40.85192858703013,0.0022470169846554445,3.3236843397132634,35.868685817758895,1.504748773458622,1.59618651648861,6.718320242960007,1.3577891529179664,14.653049915377068,0.614718894347528,0.6520729758317308,2.7445633879020113
verification,78,40.99014576588313,0.0022622476852134452,3.450255104591871,32.20087428917958,1.4009381505823224,1.7076682373541396,7.4445189308853,1.4142645966670313,13.199185309023491,0.5742465900135612,0.6999756996891489,3.0515191613386485
verification,79,46.57642546663708,0.002920878807412794,3.554220852134247,57.43503131268426,1.3570635324535356,1.5150301770879135,11.035102719036002,1.6554290261139808,26.751184551092056,0.6320716847281334,0.7056469012284118,5.139756393098646
verification,80,43.59875812974245,0.0025593487257288164,3.795870551302801,53.38888996720438,1.1979847968074597,1.4168682186620583,11.011059743663616,1.6549524205806296,23.276893004955767,0.5223064939911709,0.6177369476716611,4.8006853051613385
verification,81,29.333268128145082,0.001158516253471277,4.246219335391378,47.98211218944951,2.2059354856250146,2.265647409230507,9.049692824444682,1.245554902959493,14.07472162207861,0.6470729707322849,0.6645884293879569,2.654570660967864
verification,82,40.69114965819767,0.002229364840721821,3.8803072390474855,52.42830025028233,1.5417733705421721,1.5225567186535591,9.061638106132706,1.5789416258386906,21.333678118091605,0.6273653095975539,0.6195458330182634,3.687284723250729
verification,83,40.65290726458993,0.002225176402417793,3.536868667335762,50.36355353766984,1.4889959023741548,1.8302928428382867,11.58742519644791,1.437839939402345,20.47424871482102,0.6053201233657091,0.7440672520694754,4.710625219465697
verification,84,42.37868038067004,0.0024181101803439193,3.688346304397697,57.49231005154111,1.4372595511857922,1.568647022210677,10.974924062841604,1.5630724916729553,24.364482320206445,0.6090916314376796,0.664771907843561,4.65102799061289
verification,85,40.605792996857865,0.002220021700645057,3.656195037843757,52.730175877430014,1.4414435019925986,1.635809164612165,14.319505629900675,1.484626988628225,21.411506063668313,0.5853095645857733,0.6642332832060457,5.814548814250876
verification,86,39.96634028852237,0.0021506512492196015,4.865638793362034,62.560486837803076,1.3924747521308727,1.9288310649713425,11.289600091993222,1.9446177573654244,25.00313705575262,0.5565211978683829,0.7708831870171766,4.512039989979345
verification,87,37.86956557054447,0.0019309092949335452,4.234933038105727,52.22767259774357,1.4525421186621528,1.8767027864682837,14.200797356382365,1.6037507437340994,19.778392720371787,0.5500713900665397,0.7106991922858418,5.377780266415365
verification,88,38.221418211868944,0.001966956802510256,3.761492670618036,57.898537987565135,1.4455585914924454,2.125002018305502,11.704735231287533,1.4376958446457175,22.12964234278508,0.5525129947519297,0.8122059084272018,4.473715803342373
verification,89,37.239872615998614,0.0018672290720632247,4.469986848937454,65.694768688779,1.580311804231158,1.9696276828783856,14.448035404105905,1.6646174084961984,24.464648175076245,0.5885061028312726,0.7334868401133559,5.38042998000342
verification,90,35.86079333806922,0.0017314940889301181,3.7859250361752013,66.93331050121596,1.7589259567339484,1.777029704095958,14.576111259654205,1.3576627531570113,24.00281615316924,0.6307648023140181,0.6372569497419545,5.227109135551633
verification,91,31.186008760534023,0.0013094858809482275,5.3298263335487945,65.21048619344994,1.765109605011534,2.12678002069729,11.36288988320193,1.6621601073017762,20.336547937076126,0.5504672360519245,0.6632578035719442,3.543631834425188
verification,92,27.79432606010688,0.0010401441313180437,4.668706347358546,52.82658793470616,2.0596783610063714,2.5486962218815408,12.937317519894293,1.2976354649737403,14.68279409700131,0.5724737194475762,0.7083929381913805,3.5958402149107522
verification,93,32.63724063516206,0.001434194636948726,4.274463234709836,63.82807399787642,1.902451407426054,2.065555769796291,17.223687760754274,1.3950668517737812,20.83172210347623,0.6209076438086686,0.6741404070418895,5.621336420726329
verification,94,33.76626917103656,0.0015351378631057184,4.7422051393090285,66.4437428392437,1.7110234762060879,2.0562852006511316,14.714826494236677,1.601265751981816,22.435573054410355,0.5777487925553744,0.6943307957760504,4.968647922094959
verification,95,33.603092739798164,0.0015203365211710182,3.650449383024814,70.80277064661013,1.6758292744439711,2.121612337065297,18.02159973716638,1.2266638915972181,23.791920682726996,0.5631304652520943,0.7129273612030509,6.05581487287524
verification,96,32.604355726890766,0.001431305936952478,4.719924010672187,69.93229564331703,1.7696717720915038,2.1213337831165497,18.062809177200485,1.5389008144784897,22.800974439528016,0.5769900797710855,0.6916472128020293,5.889262558403917
verification,97,31.95008325001583,0.0013744381942834998,4.171083942988318,67.93543934000856,1.875863848739318,2.3703085719323367,18.1199318861198,1.3326647922128103,21.705429425396737,0.5993400613291631,0.7573155620146429,5.78933332246144
verification,98,30.310626871980556,0.0012370038855199976,4.640658969728242,73.42634807808274,1.866485005576224,2.445578395174664,12.728305881661605,1.4066128247154244,22.255986391669325,0.5657433056616747,0.7412701422231625,3.858029302914804
verification,99,28.34939665721094,0.001082103665267138,5.783620012778895,78.6155585689115,2.1055444422643705,2.483371593581816,20.51247961955527,1.639621378568523,22.287036532982704,0.5969091457313862,0.7040208635370094,5.815164211577277
verification,100,26.640903785658594,0.0009556065881585498,5.4806812496045225,80.68712463263832,2.4809611013285626,2.7499612386409416,16.56239441086805,1.460103018505772,21.49577924079561,0.6609504599645583,0.7326145277292386,4.412371559600653
verification,101,28.34337011034046,0.0010816436445211257,5.017434591936515,71.93590327997669,2.2426520754877504,2.2318352290142713,24.18588819922642,1.4221100564368168,20.389059308860332,0.635643178042725,0.6325773192124795,6.855095806779901
verification,102,31.371575280916836,0.0013251159472156117,4.8177874500901945,69.76186475932279,1.82148875889142,2.0790032920039407,19.884076237351163,1.511415816779609,21.885395920342344,0.5714297172290596,0.6522160828437555,6.237947945715516
verification,103,28.509347958804774,0.001094348876246308,5.202993034401337,72.22856910951204,2.270985856919039,2.3643266301871955,20.301108787967397,1.4833393884498522,20.591894093096567,0.6474432600442931,0.6740541058827508,5.787713743857119
verification,104,28.676089060534878,0.0011071872299983007,4.601459510546686,77.24178329167455,2.2282166908076024,2.800491942597952,22.623108521750364,1.31951862732882,22.149922568665943,0.6389654027176911,0.803071563592492,6.48742274795859
verification,105,27.978347943607087,0.0010539629896845998,4.6004259583333456,83.9972697258172,2.028571441053644,2.82372808986962,26.54687100251191,1.2871231815105242,23.501048387019278,0.567560776062633,0.7900324699650926,7.427375937223317
verification,106,20.800538197923082,0.0005825461968938905,6.8030723867397365,77.46896248851053,2.907030327818374,3.5205296232856353,20.16187143110638,1.4150756704361565,16.113961133957336,0.6046779537630694,0.7322891090607262,4.193777768443423
verification,107,27.03157496644329,0.0009838387578011874,4.950312788218803,71.33942255149591,2.120930445657333,3.233525833455526,21.797679179253333,1.3381475124207949,19.28416948763537,0.5733209034039817,0.8740729597298407,5.892255988284665
verification,108,27.078790309323903,0.0009872786500634571,6.018375340660033,81.35432913403692,2.3331054908320965,2.8403983266991153,28.001573403527217,1.6297032385253887,22.02976819376306,0.6317767435577456,0.7691455068363984,7.582487345252548
verification,109,26.695028262345783,0.0009594934117154064,4.734063288021626,81.65320223888783,2.0261657633559103,2.7777840406348915,35.32070738745147,1.263759532694709,21.797345414781464,0.5408855231698344,0.741530234714415,9.428872819540626
verification,110,27.363672370818254,0.001008161227114789,5.518404938142586,83.13062273106043,2.4102869957521427,2.574016809050675,30.87612392553313,1.510038247368393,22.747591243948342,0.6595430367140543,0.7043455263984173,8.448841391790713
verification,111,19.390076820421232,0.000506221150399128,6.584874543037513,79.86067231129209,3.191646519555082,3.809195769164836,16.44696759386283,1.2768122324233353,15.485045710464405,0.618862711978031,0.7386059858812972,3.1890796510797883
verification,112,25.750395424152906,0.0008927894138067041,5.7980839788470595,81.8028773588549,2.398349890801237,3.353942241314081,38.067610609562664,1.493029551577576,21.064564388239987,0.6175845805360579,0.8636533894360725,9.80256026048917
verification,113,25.162733763604383,0.0008525048769331061,5.764837198695963,81.88594110380188,2.274637627504267,3.162063784182348,23.573401147343336,1.450590636213094,20.604741349771558,0.5723610102956659,0.7956616914491581,5.931712169732465
verification,114,26.737751018308245,0.0009625670181157447,5.312124409629185,82.2253638931655,2.282644049194719,2.654657860477376,31.82289431782155,1.4203425984294282,21.985213071652513,0.6103276825079135,0.7097958091223894,8.508726249518489
verification,115,24.702703019870185,0.0008216184471042024,5.9485716144201986,86.24049103793712,2.637508336412257,2.8702663371716755,33.47056933689113,1.469457979834519,21.303732383979366,0.6515358514682386,0.7090333691508248,8.26813534235195
verification,116,20.101724300774112,0.0005440613208802975,5.987280437736306,85.14683404785087,2.720788946885086,3.5887048315731795,30.60113287561366,1.2035466067079337,17.115981831136644,0.5469254929087755,0.7213915512114005,6.151355363569407
verification,117,23.6629215203632,0.0007539073090730659,6.352727758676168,85.89180222997788,2.5662085765906264,2.9342972550604802,30.295569636991335,1.5032409839378695,20.324509754105236,0.6072399215274694,0.6943404566391329,7.168816867348242
verification,118,20.852727754642856,0.0005854731373968685,6.458728138420119,83.77356770707125,3.0734074316968583,3.6223896602430594,26.07138308965464,1.3468209951172598,17.46907400430697,0.6408892845227069,0.7553670540628176,5.436594537555678
verification,119,24.09676560421264,0.0007818055216814667,6.484554738668975,86.78284663836517,2.671928235322529,3.2990324270735485,47.20514116450734,1.5625679558539263,20.911859139110184,0.6438482839784448,0.7949601111588802,11.374912219549026
verification,120,22.874551711910183,0.0007045087807563344,7.313164709046306,88.31075251912067,2.632321164328336,3.221157028831349,23.617211610534603,1.672853643147963,20.20068875216328,0.6021316659578414,0.7368252302818565,5.402331282762994
verification,121,22.681108720739957,0.0006926435395007293,6.49844635660233,88.86603095855443,2.73797771454792,3.3290120601631528,40.70207229566466,1.4739196832999393,20.15580109751616,0.6210037021862448,0.7550568446921497,9.231681268973878
verification,122,22.249759978755907,0.0006665487031131234,6.2134855164592855,87.3907165128273,2.678453680089559,3.6611606369994387,28.52606151431355,1.382485613726953,19.44422466781908,0.5959495149620815,0.8145994541690659,6.346980218327028
verification,123,19.485740625832662,0.0005112285057649362,6.792791250977969,89.51356726588362,3.307373731371399,3.797438110749125,39.37830632879943,1.3236256844198209,17.442381542360334,0.6444662668219543,0.7399589406870946,7.673154634075705
verification,124,22.719413404912622,0.0006949850384131294,5.730649466224104,87.85286793287986,2.330871275147874,3.091745536552168,35.23773260497518,1.3019699430178728,19.95965625374289,0.5295602809372039,0.7024264498772209,8.005806145041996
verification,125,19.74328344065873,0.000524831614483647,7.726903420983503,91.49258845854666,3.5080621140435757,3.518137684693512,39.191345122282684,1.5255444435907288,18.063641066566284,0.6926066464499878,0.6945958949216686,7.73765835169905
verification,126,17.29651904316121,0.00040280851795577923,8.648382458282876,87.20188019611737,3.8116970152344796,4.522545742060106,37.8608095452261,1.4958691188223112,15.082889814116069,0.6592909001076394,0.7822429855111028,6.548602132885029
verification,127,20.253481264947578,0.0005523070567853595,6.942829595369183,83.89311759154208,3.2114976452083575,3.7898606364911323,30.90105319045751,1.4061646913553332,16.991276853983415,0.6504400738965073,0.7675787139793545,6.258539018600797
verification,128,19.50208594667946,0.0005120865381946165,8.618413258685152,89.20505987424957,3.1002419099683274,3.980248669460615,46.6372288238584,1.6807703609487965,17.396847445463024,0.6046118418370001,0.7762315164097748,9.095232448378432
verification,129,19.797017987037112,0.0005276923307785705,8.574759277590749,86.24172449445369,3.7684659053337772,3.8562040318640434,36.07515948941663,1.697546636529774,17.07328971049799,0.7460438731142888,0.763413405804975,7.141805812972135
verification,130,20.20832303828388,0.0005498468967942087,6.619358757659359,91.9267018897623,3.4107972687063404,4.163875191213525,37.64588942326451,1.337661400810738,18.576844876323378,0.6892649302411407,0.8414493495513896,7.607602945288436
verification,131,19.586984098806724,0.0005165547608172016,8.600985668690635,89.98693803727089,3.5367919759914286,4.151847831868283,41.88475059398204,1.6846736952670798,17.625727244363308,0.6927508819453132,0.8132217746346924,8.203959438668116
verification,132,19.47710467860516,0.0005107754602127479,9.36567319670003,94.97281409678301,3.4049598988248535,3.881178308962721,62.395972003537985,1.8241619723773308,18.497954417847502,0.663187603758645,0.7559411619999866,12.152928782362261
verification,133,19.331867041293624,0.000503186320672155,7.122484696623021,93.11871743593584,3.513674984637642,4.598870125669228,29.642015133041163,1.3769092715876479,18.00158664527302,0.6792589762933432,0.889047458096148,5.730354953879653
verification,134,17.07889697808125,0.00039273613760761435,9.055939759326128,91.85220787909425,3.7901692879929194,5.255993936728529,32.61687050962735,1.5466546218924084,15.687343955763536,0.6473191079911863,0.8976657896280623,5.57060171181342
verification,135,19.611669617000466,0.0005178576114453642,8.285306043768538,95.92850089169247,3.6537409031427774,4.526650100111771,53.241404449479646,1.6248868480612575,18.81318066342007,0.7165595945855705,0.8877516623515415,10.441528340082934
verification,136,17.622990962458157,0.00041815805214359794,8.537068377399239,91.3053004154287,3.7384704383369307,5.339611207301138,42.83612697399146,1.5044867886079412,16.09072484045627,0.6588303074822872,0.9409992004930824,7.549006785293615
verification,137,18.351105180003024,0.0004534252236196243,9.53002302772545,94.4130212773215,3.5557912753676995,4.7287786496946715,56.92312856991865,1.7488645494964061,17.325832838219902,0.6525269969240975,0.867783143734996,10.446023195614123
verification,138,16.3720442524646,0.0003609001368525743,10.206952709187936,91.12936719118892,3.975864867281599,5.283079501542363,32.03495196287992,1.6710868143763835,14.919740323532407,0.6509303554895364,0.8649481138854019,5.244776511618478
verification,139,17.9917668579734,0.0004358417769927063,8.344573883994036,94.05450387870455,3.9623006979827964,4.906932865436491,51.40142538081668,1.5013362784995425,16.92206705728007,0.7128879037929173,0.882843921026607,9.248024616191703
verification,140,19.864429245423942,0.0005312921626590327,8.866492022647488,93.06716053656008,3.361454824739832,4.380399815316015,44.70435506927693,1.7612780343899685,18.48726025551009,0.6677338152773333,0.8701414219801309,8.880264982359607
verification,141,17.974134234315375,0.00043498791219173395,8.5165290738339,93.79729131516504,3.567593171307742,5.370770063483208,52.215989596242025,1.5307723678354013,16.8592510491396,0.6412439855451224,0.9653494206268969,9.385372061804693
verification,142,16.844712659766785,0.00038203965241734837,9.819530535303889,93.21391371663118,4.01523077299473,6.287921190623225,49.328774054831044,1.6540717032099992,15.70161592448946,0.676354086337495,1.0591822568330687,8.309290248121878
verification,143,16.925397630461113,0.0003857083030162744,8.888922818603652,89.1493602802762,4.1387554074462845,6.003011803599426,50.89104385647145,1.5044855321134596,15.088883712449107,0.7005008096624945,1.016033617562718,8.613511531000144
verification,144,18.02899938056434,0.0004376475228854052,9.85485583350265,93.19381124206409,3.8333477053242184,5.699281458491111,60.74520629082771,1.7767318971777015,16.801911651556033,0.6911142340477807,1.0275234188479807,10.951752865895857
verification,145,19.536676424649652,0.00051390470544647,8.856983915785676,91.38635919013922,3.6346443633413954,5.251722291802756,42.71964250220947,1.7303602886103118,17.85385729124558,0.7100887084527758,1.0260119908706995,8.34599832542377
verification,146,19.064459095086633,0.0004893619551753446,8.783766309912235,95.13043460868178,3.8778939839393,5.399041663749877,68.49917941630909,1.6745775351612187,18.136102792950275,0.7392995123189333,1.02929808951228,13.05899804029225
verification,147,17.721520928373867,0.00042284695837726996,9.153132107465305,91.75244248039733,4.2184679734536425,5.835590603752171,42.09357942826025,1.6220742220261721,16.259928296457808,0.7475766847723362,1.0341554101381598,7.459622487880816
verification,148,22.314701854537812,0.0006704453829292806,6.942184629845134,93.06196657863404,3.4912912254746247,4.340717036522307,43.0559190704125,1.5491278023414914,20.766500381991808,0.7790712278383021,0.9686180650490819,9.607799971293637
verification,149,21.01976337027541,0.0005948902791620841,8.000023332901725,93.91092996630289,3.1705463049523828,4.687311313926238,66.74503076165219,1.6815859741427628,19.73985525774193,0.6664413308460014,0.9852617466154425,14.02964752751682
verification,150,22.196760303368112,0.0006633770023811033,8.312758260651902,90.19319593679934,3.0798293354665396,5.5074444082215,48.89336161865034,1.845163025715335,20.019967512038498,0.6836223353463228,1.2224742341341768,10.852742282750798
verification,151,19.11823107064366,0.000492126373371852,9.454293010575174,94.46217981608663,3.4290862505572703,5.598427442672103,66.50632029786652,1.8074935838574748,18.05949781160636,0.6555806329932098,1.0703202948123791,12.714831991128507
