point,mu1,mu2,n_primary,n_tot,requested_secondary_error_percent,actual_secondary_error_percent,ann_secondary_error_percent,state_error_percent_vs_hdm,state_error_percent_vs_linear_hprom,primary_q_error_percent_vs_linear_hprom,total_q_error_percent_vs_linear_hprom,n_time_used,online_solve_elapsed_s,num_iterations,jac_time_s,res_time_s,ls_time_s
extrapolation20pct,4.0,0.033,10,151,0.0,0.0,38.79859939106014,1.076919025224633,0.6372232759025933,1.5222601169573002,1.4952853031011293,501,3.1956443786621094,1500,1.0977771282196045,0.3378884792327881,0.2224738597869873
extrapolation20pct,4.0,0.033,10,151,10.0,9.999999999999998,38.79859939106014,3.0050855214089682,2.8988168757597097,6.666787312313632,6.811568632512807,501,3.124702215194702,1500,1.0880441665649414,0.32944679260253906,0.2161555290222168
extrapolation20pct,4.0,0.033,10,151,15.0,14.999999999999996,38.79859939106014,4.711743641381082,4.654826397065809,10.758969952465119,10.935849789750705,501,3.0927319526672363,1500,1.0888488292694092,0.3309042453765869,0.2202622890472412
extrapolation20pct,4.0,0.033,10,151,1.0,0.9999999999999997,38.79859939106014,0.934727045950446,0.35864019246951334,0.8361742391591893,0.8424688985988421,501,3.0938854217529297,1500,1.0994625091552734,0.3336803913116455,0.2181262969970703
extrapolation20pct,4.0,0.033,10,151,20.0,19.999999999999996,38.79859939106014,6.458604771667534,6.425963266765304,14.88667183656934,15.095665086645829,501,3.1532437801361084,1500,1.0908129215240479,0.33134889602661133,0.21883392333984375
extrapolation20pct,4.0,0.033,10,151,30.0,29.999999999999993,38.79859939106014,9.992526683874454,9.98507836222418,23.181703258499283,23.4548188660082,501,3.1712913513183594,1500,1.094895839691162,0.3325204849243164,0.22344613075256348
extrapolation20pct,4.0,0.033,10,151,38.79859939106,38.79859939106,38.79859939106014,13.09776325101318,13.102750835889923,30.44530556198429,30.77717170289027,501,3.170384168624878,1500,1.1017601490020752,0.33562159538269043,0.22200942039489746
extrapolation20pct,4.0,0.033,10,151,3.0,2.9999999999999987,38.79859939106014,1.001554322903762,0.5272637170877545,1.1274923036292215,1.242064010504918,501,3.1208863258361816,1500,1.0826282501220703,0.32694077491760254,0.2133922576904297
extrapolation20pct,4.0,0.033,10,151,50.0,50.0,38.79859939106014,16.9844288249714,16.99978657317634,39.51510541157654,39.93008555535061,501,3.192202568054199,1500,1.098656177520752,0.33509206771850586,0.22289657592773438
extrapolation20pct,4.0,0.033,10,151,5.0,4.999999999999999,38.79859939106014,1.4428732928799415,1.1748975498141212,2.645917315704156,2.7628109025163767,501,3.06764817237854,1500,1.0849575996398926,0.326610803604126,0.2163240909576416
offgrid1,4.56,0.019,10,151,0.0,0.0,14.695181662837022,0.5644692352258446,0.35241293532969414,0.8312651609635555,0.8115808750608494,501,3.1298506259918213,1500,1.0946412086486816,0.3332648277282715,0.21995759010314941
offgrid1,4.56,0.019,10,151,10.0,10.000000000000002,14.695181662837022,3.167787514800914,3.156577060031719,7.12622399938148,7.286039794926539,501,3.145888090133667,1500,1.0906729698181152,0.3314650058746338,0.21714377403259277
offgrid1,4.56,0.019,10,151,14.695181662837,14.695181662836996,14.695181662837022,4.515737861792182,4.513669441310219,10.163686816729108,10.419805438835388,501,3.0805296897888184,1500,1.0933043956756592,0.3336513042449951,0.21822285652160645
offgrid1,4.56,0.019,10,151,15.0,15.000000000000002,14.695181662837022,4.603627581160439,4.601951847362648,10.361303131922336,10.623662553405195,501,3.1493113040924072,1500,1.0913071632385254,0.3321352005004883,0.21803951263427734
offgrid1,4.56,0.019,10,151,1.0,1.0,14.695181662837022,0.7365375347535588,0.6008980645928361,1.4008464013718769,1.3846777870710263,501,3.1689183712005615,1500,1.1046864986419678,0.33978796005249023,0.2223830223083496
offgrid1,4.56,0.019,10,151,20.0,20.000000000000004,14.695181662837022,6.047020382993657,6.049928020511148,13.602320893953824,13.967242194773336,501,3.073615789413452,1500,1.093216896057129,0.33136582374572754,0.2173752784729004
offgrid1,4.56,0.019,10,151,30.0,30.000000000000004,14.695181662837022,8.931803689390886,8.938515031495747,20.065504019627078,20.63737319915844,501,3.1273558139801025,1500,1.0941476821899414,0.33207201957702637,0.21825671195983887
offgrid1,4.56,0.019,10,151,3.0,2.999999999999999,14.695181662837022,1.2184536027204915,1.1527556101952543,2.6409160311016446,2.6588027300792625,501,3.1297359466552734,1500,1.0890576839447021,0.3327498435974121,0.22101211547851562
offgrid1,4.56,0.019,10,151,50.0,49.99999999999999,14.695181662837022,14.58510274778867,14.592394545479703,32.68445566166772,33.693873726106034,501,3.127488851547241,1497,1.0876219272613525,0.33103346824645996,0.21920275688171387
offgrid1,4.56,0.019,10,151,5.0,5.000000000000001,14.695181662837022,1.7580249721410264,1.7204405350479686,3.912121910938137,3.9696887943584414,501,3.073673725128174,1500,1.1007177829742432,0.33525705337524414,0.2191014289855957
offgrid2,5.19,0.026,10,151,0.0,0.0,21.73981178090827,0.47524373362364564,0.10263315990920822,0.23905274527082715,0.23392006788256572,501,3.158292293548584,1500,1.0992119312286377,0.33469390869140625,0.22046828269958496
offgrid2,5.19,0.026,10,151,10.0,10.000000000000002,21.73981178090827,1.4113875465057708,1.3195564193791853,2.2706150836880266,3.030636036981749,501,3.104799509048462,1500,1.1017115116119385,0.33557701110839844,0.22086071968078613
offgrid2,5.19,0.026,10,151,15.0,15.000000000000002,21.73981178090827,2.045111164069033,1.9792302056385258,3.405618852325453,4.545736135149335,501,3.156134605407715,1500,1.0927174091339111,0.33518433570861816,0.22385787963867188
offgrid2,5.19,0.026,10,151,1.0,0.9999999999999999,21.73981178090827,0.48508931039379166,0.1266637923433235,0.21013046232625518,0.2911354982833572,501,3.1483066082000732,1500,1.0898206233978271,0.3314826488494873,0.21643328666687012
offgrid2,5.19,0.026,10,151,20.0,20.000000000000004,21.73981178090827,2.677119588672723,2.6248433029738263,4.496228930698411,6.029062872887832,501,3.0675082206726074,1500,1.089094638824463,0.32957887649536133,0.21814250946044922
offgrid2,5.19,0.026,10,151,21.739811780908,21.739811780908003,21.73981178090827,2.8951134249688195,2.846202739387181,4.865261382087024,6.537772212897649,501,3.13127064704895,1500,1.0914068222045898,0.3360612392425537,0.2216484546661377
offgrid2,5.19,0.026,10,151,30.0,30.000000000000004,21.73981178090827,3.912427702541747,3.8746389613379453,6.544823922221919,8.902122554533282,501,3.159240245819092,1500,1.0958890914916992,0.33454108238220215,0.22103261947631836
offgrid2,5.19,0.026,10,151,3.0,2.9999999999999996,21.73981178090827,0.6076009236898116,0.3772044766472212,0.6211117550694099,0.867017166509882,501,3.092911958694458,1500,1.0964133739471436,0.3312065601348877,0.21662187576293945
offgrid2,5.19,0.026,10,151,50.0,50.0,21.73981178090827,6.246604045573727,6.222521637272383,10.14007134970677,14.305772394480176,501,3.172208786010742,1494,1.0943050384521484,0.3355369567871094,0.22487401962280273
offgrid2,5.19,0.026,10,151,5.0,5.000000000000002,21.73981178090827,0.808030160858709,0.6471057809333812,1.095036014167407,1.4866690796294841,501,3.141864538192749,1500,1.0896036624908447,0.32953500747680664,0.21631932258605957
verification,4.875,0.0225,10,151,0.0,0.0,4.353174300794261,0.45212960552472903,0.21613234757729768,0.5154527216428761,0.5037243929726989,501,3.0434324741363525,1500,1.093205213546753,0.32851696014404297,0.21532535552978516
verification,4.875,0.0225,10,151,10.0,10.000000000000002,4.353174300794261,0.8954392193384435,0.8623677474864491,0.6003884795152817,2.2007198023621712,501,2.9806532859802246,1499,1.0486609935760498,0.3145012855529785,0.20600223541259766
verification,4.875,0.0225,10,151,15.0,15.0,4.353174300794261,1.40185302463531,1.4124082132360487,1.6244421223203636,3.5556519259826698,501,3.0010805130004883,1496,1.0683610439300537,0.3258943557739258,0.21259737014770508
verification,4.875,0.0225,10,151,1.0,1.0,4.353174300794261,0.42419834378679167,0.1662026018264736,0.34413462435625275,0.39760510043335945,501,3.0986320972442627,1500,1.0922868251800537,0.33051276206970215,0.21528029441833496
verification,4.875,0.0225,10,151,20.0,20.000000000000007,4.353174300794261,2.1679332482027753,2.2003880248975,3.4718859168436875,5.432068316492024,501,2.9431004524230957,1495,1.0361104011535645,0.3111562728881836,0.20111656188964844
verification,4.875,0.0225,10,151,30.0,30.0,4.353174300794261,4.600120460970865,4.646636724885447,9.377585401693215,11.15674974724369,501,2.9373881816864014,1490,1.0522723197937012,0.3167738914489746,0.20852017402648926
verification,4.875,0.0225,10,151,3.0,3.0000000000000004,4.353174300794261,0.4512267083474887,0.25510667907361184,0.14815640676083955,0.6525836732296578,501,3.096278190612793,1500,1.086805820465088,0.32932019233703613,0.2166578769683838
verification,4.875,0.0225,10,151,4.353174300794,4.3531743007940005,4.353174300794261,0.5115951295562587,0.36720467190278644,0.18370847373044402,0.9406280887515531,501,3.0859835147857666,1500,1.1465227603912354,0.32830047607421875,0.2153019905090332
verification,4.875,0.0225,10,151,50.0,50.0,4.353174300794261,12.34536995009657,12.392641831305964,27.86520280076837,29.223445328039947,501,3.0499844551086426,1481,1.0602977275848389,0.3235781192779541,0.21215152740478516
verification,4.875,0.0225,10,151,5.0,5.000000000000002,4.353174300794261,0.5471081861397182,0.4226825154079621,0.22116814699129234,1.0823327998417354,501,3.069855213165283,1500,1.0942914485931396,0.33565568923950195,0.2207338809967041
